model,task,k,rank,n,r_over_n,d_L,d_S,n_collected,reps,rho1,rho_top5,floor,excess
gemma-3-12b-it,verse,0.05,2,64,0.0312,9120,9120,768,3,0.93119,0.727444,0.138765,0.588679
gemma-3-12b-it,verse,0.05,4,64,0.0625,9120,9120,768,3,0.977519,0.775356,0.185847,0.58951
gemma-3-12b-it,verse,0.05,8,64,0.125,9120,9120,768,3,0.98966,0.96143,0.406305,0.555125
gemma-3-12b-it,verse,0.05,16,64,0.25,9120,9120,768,3,0.996481,0.989518,0.726708,0.26281
gemma-3-12b-it,verse,0.05,24,64,0.375,9120,9120,768,3,0.999185,0.997244,0.903189,0.094055
gemma-3-12b-it,verse,0.05,32,64,0.5,9120,9120,768,3,1.0,0.999874,0.993628,0.006246
gemma-3-12b-it,verse,0.05,48,64,0.75,9120,9120,768,3,1.0,1.0,1.0,0.0
gemma-3-12b-it,verse,0.05,64,64,1.0,9120,9120,768,3,1.0,1.0,1.0,0.0
gemma-3-12b-it,verse,0.05,96,64,1.5,9120,9120,768,3,1.0,1.0,1.0,0.0
gemma-3-12b-it,verse,0.05,128,64,2.0,9120,9120,768,3,1.0,1.0,1.0,0.0
gemma-3-12b-it,verse,0.05,2,128,0.0156,9120,9120,768,3,0.944104,0.722406,0.086824,0.635583
gemma-3-12b-it,verse,0.05,4,128,0.0312,9120,9120,768,3,0.973434,0.667286,0.136522,0.530764
gemma-3-12b-it,verse,0.05,8,128,0.0625,9120,9120,768,3,0.989857,0.962003,0.296229,0.665774
gemma-3-12b-it,verse,0.05,16,128,0.125,9120,9120,768,3,0.995166,0.985275,0.524676,0.460599
gemma-3-12b-it,verse,0.05,24,128,0.1875,9120,9120,768,3,0.997282,0.991908,0.68326,0.308647
gemma-3-12b-it,verse,0.05,32,128,0.25,9120,9120,768,3,0.998201,0.995285,0.79241,0.202875
gemma-3-12b-it,verse,0.05,48,128,0.375,9120,9120,768,3,0.99958,0.998862,0.938456,0.060406
gemma-3-12b-it,verse,0.05,64,128,0.5,9120,9120,768,3,1.0,0.999975,0.998487,0.001488
gemma-3-12b-it,verse,0.05,96,128,0.75,9120,9120,768,3,1.0,1.0,1.0,0.0
gemma-3-12b-it,verse,0.05,128,128,1.0,9120,9120,768,3,1.0,1.0,1.0,0.0
gemma-3-12b-it,verse,0.05,2,256,0.0078,9120,9120,768,3,0.934536,0.724087,0.072747,0.65134
gemma-3-12b-it,verse,0.05,4,256,0.0156,9120,9120,768,3,0.9666,0.66696,0.101771,0.565189
gemma-3-12b-it,verse,0.05,8,256,0.0312,9120,9120,768,3,0.985455,0.953723,0.201681,0.752042
gemma-3-12b-it,verse,0.05,16,256,0.0625,9120,9120,768,3,0.992572,0.981211,0.369032,0.612179
gemma-3-12b-it,verse,0.05,24,256,0.0938,9120,9120,768,3,0.994581,0.988153,0.489872,0.498281
gemma-3-12b-it,verse,0.05,32,256,0.125,9120,9120,768,3,0.996491,0.992058,0.580779,0.41128
gemma-3-12b-it,verse,0.05,48,256,0.1875,9120,9120,768,3,0.998165,0.995466,0.722792,0.272674
gemma-3-12b-it,verse,0.05,64,256,0.25,9120,9120,768,3,0.998974,0.997482,0.82324,0.174242
gemma-3-12b-it,verse,0.05,96,256,0.375,9120,9120,768,3,0.999664,0.999256,0.953487,0.045769
gemma-3-12b-it,verse,0.05,128,256,0.5,9120,9120,768,3,1.0,0.999994,0.999595,0.000398
gemma-3-12b-it,verse,0.05,2,384,0.0052,9120,9120,768,3,0.952994,0.702054,0.050443,0.65161
gemma-3-12b-it,verse,0.05,4,384,0.0104,9120,9120,768,3,0.974586,0.652613,0.087798,0.564815
gemma-3-12b-it,verse,0.05,8,384,0.0208,9120,9120,768,3,0.985814,0.946207,0.171534,0.774672
gemma-3-12b-it,verse,0.05,16,384,0.0417,9120,9120,768,3,0.993717,0.979933,0.301792,0.67814
gemma-3-12b-it,verse,0.05,24,384,0.0625,9120,9120,768,3,0.99517,0.986858,0.398649,0.588209
gemma-3-12b-it,verse,0.05,32,384,0.0833,9120,9120,768,3,0.996379,0.990805,0.478488,0.512317
gemma-3-12b-it,verse,0.05,48,384,0.125,9120,9120,768,3,0.997994,0.994595,0.601253,0.393341
gemma-3-12b-it,verse,0.05,64,384,0.1667,9120,9120,768,3,0.99852,0.996429,0.695091,0.301339
gemma-3-12b-it,verse,0.05,96,384,0.25,9120,9120,768,3,0.999243,0.998236,0.8361,0.162136
gemma-3-12b-it,verse,0.05,128,384,0.3333,9120,9120,768,3,0.999673,0.999184,0.92691,0.072274
gemma-3-12b-it,verse,0.05,2,512,0.0039,9120,9120,768,3,0.939173,0.742125,0.049035,0.69309
gemma-3-12b-it,verse,0.05,4,512,0.0078,9120,9120,768,3,0.968028,0.664411,0.075171,0.589241
gemma-3-12b-it,verse,0.05,8,512,0.0156,9120,9120,768,3,0.98577,0.953126,0.149954,0.803172
gemma-3-12b-it,verse,0.05,16,512,0.0312,9120,9120,768,3,0.992708,0.979507,0.266922,0.712584
gemma-3-12b-it,verse,0.05,24,512,0.0469,9120,9120,768,3,0.9942,0.985846,0.34891,0.636935
gemma-3-12b-it,verse,0.05,32,512,0.0625,9120,9120,768,3,0.995933,0.989831,0.415603,0.574227
gemma-3-12b-it,verse,0.05,48,512,0.0938,9120,9120,768,3,0.997702,0.993959,0.524225,0.469733
gemma-3-12b-it,verse,0.05,64,512,0.125,9120,9120,768,3,0.998238,0.995814,0.610853,0.384961
gemma-3-12b-it,verse,0.05,96,512,0.1875,9120,9120,768,3,0.998949,0.997612,0.74594,0.251672
gemma-3-12b-it,verse,0.05,128,512,0.25,9120,9120,768,3,0.999449,0.998649,0.843619,0.15503
gemma-3-12b-it,verse,0.05,2,640,0.0031,9120,9120,768,3,0.937517,0.713839,0.045073,0.668766
gemma-3-12b-it,verse,0.05,4,640,0.0063,9120,9120,768,3,0.965673,0.644389,0.066658,0.577732
gemma-3-12b-it,verse,0.05,8,640,0.0125,9120,9120,768,3,0.986305,0.951522,0.132231,0.819291
gemma-3-12b-it,verse,0.05,16,640,0.025,9120,9120,768,3,0.993132,0.97898,0.240009,0.738971
gemma-3-12b-it,verse,0.05,24,640,0.0375,9120,9120,768,3,0.994331,0.985725,0.312943,0.672782
gemma-3-12b-it,verse,0.05,32,640,0.05,9120,9120,768,3,0.996054,0.989753,0.37276,0.616994
gemma-3-12b-it,verse,0.05,48,640,0.075,9120,9120,768,3,0.997684,0.993821,0.472478,0.521343
gemma-3-12b-it,verse,0.05,64,640,0.1,9120,9120,768,3,0.998287,0.995585,0.554063,0.441522
gemma-3-12b-it,verse,0.05,96,640,0.15,9120,9120,768,3,0.998916,0.997358,0.677163,0.320195
gemma-3-12b-it,verse,0.05,128,640,0.2,9120,9120,768,3,0.999334,0.998315,0.772778,0.225537
gemma-3-12b-it,summarization,0.05,2,64,0.0312,9120,9120,768,3,0.780334,0.591395,0.154166,0.437229
gemma-3-12b-it,summarization,0.05,4,64,0.0625,9120,9120,768,3,0.897689,0.464736,0.207518,0.257218
gemma-3-12b-it,summarization,0.05,8,64,0.125,9120,9120,768,3,0.948709,0.747941,0.408355,0.339586
gemma-3-12b-it,summarization,0.05,16,64,0.25,9120,9120,768,3,0.979818,0.909073,0.736287,0.172786
gemma-3-12b-it,summarization,0.05,24,64,0.375,9120,9120,768,3,0.994743,0.976059,0.915856,0.060203
gemma-3-12b-it,summarization,0.05,32,64,0.5,9120,9120,768,3,1.0,0.998887,0.993927,0.00496
gemma-3-12b-it,summarization,0.05,48,64,0.75,9120,9120,768,3,1.0,1.0,1.0,0.0
gemma-3-12b-it,summarization,0.05,64,64,1.0,9120,9120,768,3,1.0,1.0,1.0,0.0
gemma-3-12b-it,summarization,0.05,96,64,1.5,9120,9120,768,3,1.0,1.0,1.0,0.0
gemma-3-12b-it,summarization,0.05,128,64,2.0,9120,9120,768,3,1.0,1.0,1.0,0.0
gemma-3-12b-it,summarization,0.05,2,128,0.0156,9120,9120,768,3,0.744549,0.550601,0.089159,0.461441
gemma-3-12b-it,summarization,0.05,4,128,0.0312,9120,9120,768,3,0.866347,0.513494,0.139251,0.374243
gemma-3-12b-it,summarization,0.05,8,128,0.0625,9120,9120,768,3,0.924971,0.718942,0.288351,0.43059
gemma-3-12b-it,summarization,0.05,16,128,0.125,9120,9120,768,3,0.952488,0.846903,0.52054,0.326363
gemma-3-12b-it,summarization,0.05,24,128,0.1875,9120,9120,768,3,0.974077,0.909321,0.678969,0.230352
gemma-3-12b-it,summarization,0.05,32,128,0.25,9120,9120,768,3,0.983987,0.947653,0.794205,0.153448
gemma-3-12b-it,summarization,0.05,48,128,0.375,9120,9120,768,3,0.995193,0.986355,0.942215,0.04414
gemma-3-12b-it,summarization,0.05,64,128,0.5,9120,9120,768,3,1.0,0.999653,0.998643,0.001011
gemma-3-12b-it,summarization,0.05,96,128,0.75,9120,9120,768,3,1.0,1.0,1.0,0.0
gemma-3-12b-it,summarization,0.05,128,128,1.0,9120,9120,768,3,1.0,1.0,1.0,0.0
gemma-3-12b-it,summarization,0.05,2,256,0.0078,9120,9120,768,3,0.713767,0.549774,0.065449,0.484325
gemma-3-12b-it,summarization,0.05,4,256,0.0156,9120,9120,768,3,0.856652,0.506479,0.098677,0.407803
gemma-3-12b-it,summarization,0.05,8,256,0.0312,9120,9120,768,3,0.910269,0.681551,0.204695,0.476856
gemma-3-12b-it,summarization,0.05,16,256,0.0625,9120,9120,768,3,0.947572,0.790622,0.373446,0.417176
gemma-3-12b-it,summarization,0.05,24,256,0.0938,9120,9120,768,3,0.961461,0.856992,0.485825,0.371166
gemma-3-12b-it,summarization,0.05,32,256,0.125,9120,9120,768,3,0.968753,0.89458,0.580087,0.314493
gemma-3-12b-it,summarization,0.05,48,256,0.1875,9120,9120,768,3,0.983408,0.938638,0.726249,0.212389
gemma-3-12b-it,summarization,0.05,64,256,0.25,9120,9120,768,3,0.990986,0.964705,0.829287,0.135418
gemma-3-12b-it,summarization,0.05,96,256,0.375,9120,9120,768,3,0.996912,0.991045,0.955552,0.035493
gemma-3-12b-it,summarization,0.05,128,256,0.5,9120,9120,768,3,1.0,0.999947,0.999641,0.000306
gemma-3-12b-it,summarization,0.05,2,384,0.0052,9120,9120,768,3,0.744341,0.580084,0.056156,0.523927
gemma-3-12b-it,summarization,0.05,4,384,0.0104,9120,9120,768,3,0.874521,0.534818,0.083962,0.450856
gemma-3-12b-it,summarization,0.05,8,384,0.0208,9120,9120,768,3,0.908759,0.65683,0.16792,0.48891
gemma-3-12b-it,summarization,0.05,16,384,0.0417,9120,9120,768,3,0.947826,0.774942,0.305526,0.469416
gemma-3-12b-it,summarization,0.05,24,384,0.0625,9120,9120,768,3,0.966882,0.851762,0.401012,0.45075
gemma-3-12b-it,summarization,0.05,32,384,0.0833,9120,9120,768,3,0.971257,0.887017,0.48066,0.406357
gemma-3-12b-it,summarization,0.05,48,384,0.125,9120,9120,768,3,0.981244,0.92966,0.610188,0.319472
gemma-3-12b-it,summarization,0.05,64,384,0.1667,9120,9120,768,3,0.986524,0.949535,0.702926,0.246609
gemma-3-12b-it,summarization,0.05,96,384,0.25,9120,9120,768,3,0.993162,0.97354,0.839632,0.133908
gemma-3-12b-it,summarization,0.05,128,384,0.3333,9120,9120,768,3,0.996201,0.988463,0.929285,0.059178
gemma-3-12b-it,summarization,0.05,2,512,0.0039,9120,9120,768,3,0.745776,0.606955,0.06179,0.545165
gemma-3-12b-it,summarization,0.05,4,512,0.0078,9120,9120,768,3,0.854129,0.521738,0.077839,0.443899
gemma-3-12b-it,summarization,0.05,8,512,0.0156,9120,9120,768,3,0.911098,0.656144,0.147029,0.509115
gemma-3-12b-it,summarization,0.05,16,512,0.0312,9120,9120,768,3,0.938742,0.771106,0.268737,0.502369
gemma-3-12b-it,summarization,0.05,24,512,0.0469,9120,9120,768,3,0.961969,0.84454,0.3521,0.492441
gemma-3-12b-it,summarization,0.05,32,512,0.0625,9120,9120,768,3,0.965521,0.881863,0.423629,0.458234
gemma-3-12b-it,summarization,0.05,48,512,0.0938,9120,9120,768,3,0.975696,0.919219,0.531411,0.387808
gemma-3-12b-it,summarization,0.05,64,512,0.125,9120,9120,768,3,0.982057,0.939094,0.620199,0.318895
gemma-3-12b-it,summarization,0.05,96,512,0.1875,9120,9120,768,3,0.989864,0.961966,0.75047,0.211496
gemma-3-12b-it,summarization,0.05,128,512,0.25,9120,9120,768,3,0.993665,0.976272,0.843457,0.132815
gemma-3-12b-it,summarization,0.05,2,640,0.0031,9120,9120,768,3,0.760459,0.607736,0.039952,0.567784
gemma-3-12b-it,summarization,0.05,4,640,0.0063,9120,9120,768,3,0.84651,0.515847,0.06389,0.451957
gemma-3-12b-it,summarization,0.05,8,640,0.0125,9120,9120,768,3,0.908786,0.651142,0.128743,0.5224
gemma-3-12b-it,summarization,0.05,16,640,0.025,9120,9120,768,3,0.934785,0.775174,0.233692,0.541481
gemma-3-12b-it,summarization,0.05,24,640,0.0375,9120,9120,768,3,0.959151,0.854353,0.311331,0.543022
gemma-3-12b-it,summarization,0.05,32,640,0.05,9120,9120,768,3,0.96445,0.883229,0.373059,0.510169
gemma-3-12b-it,summarization,0.05,48,640,0.075,9120,9120,768,3,0.975113,0.91813,0.474993,0.443137
gemma-3-12b-it,summarization,0.05,64,640,0.1,9120,9120,768,3,0.980611,0.937382,0.55652,0.380862
gemma-3-12b-it,summarization,0.05,96,640,0.15,9120,9120,768,3,0.988968,0.958628,0.680753,0.277875
gemma-3-12b-it,summarization,0.05,128,640,0.2,9120,9120,768,3,0.99195,0.971759,0.778037,0.193722
gemma-3-12b-it,persona,0.05,2,64,0.0312,9120,9120,768,3,0.979374,0.719916,0.142046,0.577871
gemma-3-12b-it,persona,0.05,4,64,0.0625,9120,9120,768,3,0.988053,0.824602,0.209924,0.614677
gemma-3-12b-it,persona,0.05,8,64,0.125,9120,9120,768,3,0.993656,0.959159,0.418642,0.540517
gemma-3-12b-it,persona,0.05,16,64,0.25,9120,9120,768,3,0.997351,0.990576,0.7367,0.253876
gemma-3-12b-it,persona,0.05,24,64,0.375,9120,9120,768,3,0.999409,0.997865,0.907951,0.089914
gemma-3-12b-it,persona,0.05,32,64,0.5,9120,9120,768,3,1.0,0.999982,0.994948,0.005035
gemma-3-12b-it,persona,0.05,48,64,0.75,9120,9120,768,3,1.0,1.0,1.0,0.0
gemma-3-12b-it,persona,0.05,64,64,1.0,9120,9120,768,3,1.0,1.0,1.0,0.0
gemma-3-12b-it,persona,0.05,96,64,1.5,9120,9120,768,3,1.0,1.0,1.0,0.0
gemma-3-12b-it,persona,0.05,128,64,2.0,9120,9120,768,3,1.0,1.0,1.0,0.0
gemma-3-12b-it,persona,0.05,2,128,0.0156,9120,9120,768,3,0.948166,0.610623,0.080519,0.530104
gemma-3-12b-it,persona,0.05,4,128,0.0312,9120,9120,768,3,0.982036,0.794054,0.14144,0.652614
gemma-3-12b-it,persona,0.05,8,128,0.0625,9120,9120,768,3,0.989838,0.955518,0.301972,0.653546
gemma-3-12b-it,persona,0.05,16,128,0.125,9120,9120,768,3,0.993638,0.982683,0.522674,0.460008
gemma-3-12b-it,persona,0.05,24,128,0.1875,9120,9120,768,3,0.995989,0.990358,0.683916,0.306442
gemma-3-12b-it,persona,0.05,32,128,0.25,9120,9120,768,3,0.99761,0.994718,0.798018,0.1967
gemma-3-12b-it,persona,0.05,48,128,0.375,9120,9120,768,3,0.999333,0.99859,0.937564,0.061026
gemma-3-12b-it,persona,0.05,64,128,0.5,9120,9120,768,3,1.0,0.999995,0.998653,0.001342
gemma-3-12b-it,persona,0.05,96,128,0.75,9120,9120,768,3,1.0,1.0,1.0,0.0
gemma-3-12b-it,persona,0.05,128,128,1.0,9120,9120,768,3,1.0,1.0,1.0,0.0
gemma-3-12b-it,persona,0.05,2,256,0.0078,9120,9120,768,3,0.951733,0.565641,0.080339,0.485302
gemma-3-12b-it,persona,0.05,4,256,0.0156,9120,9120,768,3,0.98482,0.875855,0.107275,0.76858
gemma-3-12b-it,persona,0.05,8,256,0.0312,9120,9120,768,3,0.99078,0.953421,0.20583,0.747591
gemma-3-12b-it,persona,0.05,16,256,0.0625,9120,9120,768,3,0.992707,0.979328,0.370303,0.609026
gemma-3-12b-it,persona,0.05,24,256,0.0938,9120,9120,768,3,0.994811,0.986927,0.4962,0.490726
gemma-3-12b-it,persona,0.05,32,256,0.125,9120,9120,768,3,0.996509,0.991077,0.582961,0.408117
gemma-3-12b-it,persona,0.05,48,256,0.1875,9120,9120,768,3,0.997993,0.995096,0.725905,0.269191
gemma-3-12b-it,persona,0.05,64,256,0.25,9120,9120,768,3,0.998658,0.997075,0.828878,0.168197
gemma-3-12b-it,persona,0.05,96,256,0.375,9120,9120,768,3,0.999672,0.999272,0.955181,0.044091
gemma-3-12b-it,persona,0.05,128,256,0.5,9120,9120,768,3,1.0,1.0,0.999746,0.000254
gemma-3-12b-it,persona,0.05,2,384,0.0052,9120,9120,768,3,0.95185,0.608859,0.048603,0.560256
gemma-3-12b-it,persona,0.05,4,384,0.0104,9120,9120,768,3,0.986248,0.885713,0.077955,0.807758
gemma-3-12b-it,persona,0.05,8,384,0.0208,9120,9120,768,3,0.990899,0.954913,0.16401,0.790903
gemma-3-12b-it,persona,0.05,16,384,0.0417,9120,9120,768,3,0.992553,0.980228,0.299337,0.680891
gemma-3-12b-it,persona,0.05,24,384,0.0625,9120,9120,768,3,0.994367,0.98653,0.392522,0.594008
gemma-3-12b-it,persona,0.05,32,384,0.0833,9120,9120,768,3,0.995526,0.990579,0.470722,0.519857
gemma-3-12b-it,persona,0.05,48,384,0.125,9120,9120,768,3,0.996982,0.994133,0.59821,0.395923
gemma-3-12b-it,persona,0.05,64,384,0.1667,9120,9120,768,3,0.997892,0.995897,0.697195,0.298702
gemma-3-12b-it,persona,0.05,96,384,0.25,9120,9120,768,3,0.998917,0.997988,0.837195,0.160793
gemma-3-12b-it,persona,0.05,128,384,0.3333,9120,9120,768,3,0.999515,0.999073,0.930251,0.068822
gemma-3-12b-it,persona,0.05,2,512,0.0039,9120,9120,768,3,0.964414,0.563355,0.048866,0.514489
gemma-3-12b-it,persona,0.05,4,512,0.0078,9120,9120,768,3,0.985101,0.888145,0.07279,0.815355
gemma-3-12b-it,persona,0.05,8,512,0.0156,9120,9120,768,3,0.990714,0.954043,0.143913,0.81013
gemma-3-12b-it,persona,0.05,16,512,0.0312,9120,9120,768,3,0.992565,0.978935,0.261822,0.717113
gemma-3-12b-it,persona,0.05,24,512,0.0469,9120,9120,768,3,0.994143,0.985584,0.34771,0.637873
gemma-3-12b-it,persona,0.05,32,512,0.0625,9120,9120,768,3,0.995508,0.989328,0.414918,0.57441
gemma-3-12b-it,persona,0.05,48,512,0.0938,9120,9120,768,3,0.997133,0.993307,0.526033,0.467274
gemma-3-12b-it,persona,0.05,64,512,0.125,9120,9120,768,3,0.997816,0.995067,0.613095,0.381972
gemma-3-12b-it,persona,0.05,96,512,0.1875,9120,9120,768,3,0.998605,0.997132,0.745292,0.251839
gemma-3-12b-it,persona,0.05,128,512,0.25,9120,9120,768,3,0.999188,0.998322,0.844508,0.153815
gemma-3-12b-it,persona,0.05,2,640,0.0031,9120,9120,768,3,0.970317,0.577926,0.042152,0.535774
gemma-3-12b-it,persona,0.05,4,640,0.0063,9120,9120,768,3,0.987006,0.879233,0.067731,0.811502
gemma-3-12b-it,persona,0.05,8,640,0.0125,9120,9120,768,3,0.991236,0.953563,0.13202,0.821543
gemma-3-12b-it,persona,0.05,16,640,0.025,9120,9120,768,3,0.992724,0.979165,0.234364,0.744801
gemma-3-12b-it,persona,0.05,24,640,0.0375,9120,9120,768,3,0.994086,0.985752,0.312016,0.673736
gemma-3-12b-it,persona,0.05,32,640,0.05,9120,9120,768,3,0.995676,0.989401,0.371554,0.617846
gemma-3-12b-it,persona,0.05,48,640,0.075,9120,9120,768,3,0.996932,0.993338,0.471281,0.522057
gemma-3-12b-it,persona,0.05,64,640,0.1,9120,9120,768,3,0.997694,0.995099,0.553377,0.441722
gemma-3-12b-it,persona,0.05,96,640,0.15,9120,9120,768,3,0.998482,0.996956,0.679716,0.317239
gemma-3-12b-it,persona,0.05,128,640,0.2,9120,9120,768,3,0.999055,0.998007,0.774397,0.22361
gemma-3-12b-it,bias,0.05,2,64,0.0312,9120,9120,768,3,0.717612,0.543943,0.140571,0.403372
gemma-3-12b-it,bias,0.05,4,64,0.0625,9120,9120,768,3,0.937472,0.541364,0.206942,0.334422
gemma-3-12b-it,bias,0.05,8,64,0.125,9120,9120,768,3,0.977699,0.768312,0.404987,0.363325
gemma-3-12b-it,bias,0.05,16,64,0.25,9120,9120,768,3,0.99349,0.939662,0.731193,0.208469
gemma-3-12b-it,bias,0.05,24,64,0.375,9120,9120,768,3,0.999031,0.989734,0.913691,0.076043
gemma-3-12b-it,bias,0.05,32,64,0.5,9120,9120,768,3,1.0,0.999985,0.995369,0.004616
gemma-3-12b-it,bias,0.05,48,64,0.75,9120,9120,768,3,1.0,1.0,1.0,0.0
gemma-3-12b-it,bias,0.05,64,64,1.0,9120,9120,768,3,1.0,1.0,1.0,0.0
gemma-3-12b-it,bias,0.05,96,64,1.5,9120,9120,768,3,1.0,1.0,1.0,0.0
gemma-3-12b-it,bias,0.05,128,64,2.0,9120,9120,768,3,1.0,1.0,1.0,0.0
gemma-3-12b-it,bias,0.05,2,128,0.0156,9120,9120,768,3,0.791458,0.543907,0.092633,0.451275
gemma-3-12b-it,bias,0.05,4,128,0.0312,9120,9120,768,3,0.900398,0.51885,0.137863,0.380986
gemma-3-12b-it,bias,0.05,8,128,0.0625,9120,9120,768,3,0.942998,0.725231,0.293443,0.431788
gemma-3-12b-it,bias,0.05,16,128,0.125,9120,9120,768,3,0.976933,0.883024,0.518572,0.364452
gemma-3-12b-it,bias,0.05,24,128,0.1875,9120,9120,768,3,0.986677,0.932483,0.6834,0.249084
gemma-3-12b-it,bias,0.05,32,128,0.25,9120,9120,768,3,0.992554,0.96591,0.798003,0.167907
gemma-3-12b-it,bias,0.05,48,128,0.375,9120,9120,768,3,0.998183,0.992089,0.943718,0.048371
gemma-3-12b-it,bias,0.05,64,128,0.5,9120,9120,768,3,1.0,0.999989,0.998915,0.001074
gemma-3-12b-it,bias,0.05,96,128,0.75,9120,9120,768,3,1.0,1.0,1.0,0.0
gemma-3-12b-it,bias,0.05,128,128,1.0,9120,9120,768,3,1.0,1.0,1.0,0.0
gemma-3-12b-it,bias,0.05,2,256,0.0078,9120,9120,768,3,0.807607,0.620717,0.061937,0.55878
gemma-3-12b-it,bias,0.05,4,256,0.0156,9120,9120,768,3,0.884187,0.525845,0.098055,0.42779
gemma-3-12b-it,bias,0.05,8,256,0.0312,9120,9120,768,3,0.937572,0.682566,0.197929,0.484637
gemma-3-12b-it,bias,0.05,16,256,0.0625,9120,9120,768,3,0.967215,0.837768,0.371135,0.466633
gemma-3-12b-it,bias,0.05,24,256,0.0938,9120,9120,768,3,0.974691,0.892626,0.491931,0.400695
gemma-3-12b-it,bias,0.05,32,256,0.125,9120,9120,768,3,0.981856,0.920832,0.587024,0.333808
gemma-3-12b-it,bias,0.05,48,256,0.1875,9120,9120,768,3,0.989279,0.955371,0.727506,0.227865
gemma-3-12b-it,bias,0.05,64,256,0.25,9120,9120,768,3,0.993836,0.974685,0.834776,0.139909
gemma-3-12b-it,bias,0.05,96,256,0.375,9120,9120,768,3,0.999039,0.9959,0.959041,0.036859
gemma-3-12b-it,bias,0.05,128,256,0.5,9120,9120,768,3,1.0,0.999999,0.99976,0.000239
gemma-3-12b-it,bias,0.05,2,384,0.0052,9120,9120,768,3,0.8319,0.601817,0.060695,0.541122
gemma-3-12b-it,bias,0.05,4,384,0.0104,9120,9120,768,3,0.890744,0.52336,0.080126,0.443233
gemma-3-12b-it,bias,0.05,8,384,0.0208,9120,9120,768,3,0.935795,0.675334,0.169757,0.505577
gemma-3-12b-it,bias,0.05,16,384,0.0417,9120,9120,768,3,0.964331,0.826738,0.308492,0.518245
gemma-3-12b-it,bias,0.05,24,384,0.0625,9120,9120,768,3,0.971618,0.884316,0.407781,0.476535
gemma-3-12b-it,bias,0.05,32,384,0.0833,9120,9120,768,3,0.978517,0.907674,0.483755,0.423919
gemma-3-12b-it,bias,0.05,48,384,0.125,9120,9120,768,3,0.986641,0.945488,0.609392,0.336096
gemma-3-12b-it,bias,0.05,64,384,0.1667,9120,9120,768,3,0.990227,0.962434,0.708286,0.254148
gemma-3-12b-it,bias,0.05,96,384,0.25,9120,9120,768,3,0.995591,0.982679,0.849091,0.133587
gemma-3-12b-it,bias,0.05,128,384,0.3333,9120,9120,768,3,0.998213,0.994084,0.93533,0.058754
gemma-3-12b-it,bias,0.05,2,512,0.0039,9120,9120,768,3,0.835047,0.519618,0.053181,0.466437
gemma-3-12b-it,bias,0.05,4,512,0.0078,9120,9120,768,3,0.900082,0.526197,0.074114,0.452083
gemma-3-12b-it,bias,0.05,8,512,0.0156,9120,9120,768,3,0.941133,0.67892,0.145182,0.533739
gemma-3-12b-it,bias,0.05,16,512,0.0312,9120,9120,768,3,0.967068,0.819624,0.265708,0.553916
gemma-3-12b-it,bias,0.05,24,512,0.0469,9120,9120,768,3,0.974081,0.877026,0.351559,0.525467
gemma-3-12b-it,bias,0.05,32,512,0.0625,9120,9120,768,3,0.978874,0.902002,0.42005,0.481952
gemma-3-12b-it,bias,0.05,48,512,0.0938,9120,9120,768,3,0.98496,0.935668,0.528563,0.407105
gemma-3-12b-it,bias,0.05,64,512,0.125,9120,9120,768,3,0.988751,0.951524,0.615849,0.335675
gemma-3-12b-it,bias,0.05,96,512,0.1875,9120,9120,768,3,0.992928,0.971913,0.751683,0.220231
gemma-3-12b-it,bias,0.05,128,512,0.25,9120,9120,768,3,0.996364,0.986037,0.851922,0.134115
gemma-3-12b-it,bias,0.05,2,640,0.0031,9120,9120,768,3,0.857514,0.537713,0.042477,0.495236
gemma-3-12b-it,bias,0.05,4,640,0.0063,9120,9120,768,3,0.903905,0.53401,0.064409,0.469601
gemma-3-12b-it,bias,0.05,8,640,0.0125,9120,9120,768,3,0.941141,0.687005,0.131877,0.555128
gemma-3-12b-it,bias,0.05,16,640,0.025,9120,9120,768,3,0.968327,0.822698,0.236687,0.586012
gemma-3-12b-it,bias,0.05,24,640,0.0375,9120,9120,768,3,0.97631,0.877327,0.312321,0.565006
gemma-3-12b-it,bias,0.05,32,640,0.05,9120,9120,768,3,0.979638,0.899214,0.37482,0.524394
gemma-3-12b-it,bias,0.05,48,640,0.075,9120,9120,768,3,0.986171,0.933115,0.475332,0.457783
gemma-3-12b-it,bias,0.05,64,640,0.1,9120,9120,768,3,0.989239,0.947264,0.556572,0.390693
gemma-3-12b-it,bias,0.05,96,640,0.15,9120,9120,768,3,0.992707,0.967025,0.687756,0.279269
gemma-3-12b-it,bias,0.05,128,640,0.2,9120,9120,768,3,0.995502,0.981407,0.783744,0.197663
gemma-3-12b-it,factual recall,0.05,2,64,0.0312,9120,9120,768,3,0.63005,0.395111,0.148929,0.246181
gemma-3-12b-it,factual recall,0.05,4,64,0.0625,9120,9120,768,3,0.792816,0.428349,0.212617,0.215733
gemma-3-12b-it,factual recall,0.05,8,64,0.125,9120,9120,768,3,0.897337,0.689757,0.409336,0.280421
gemma-3-12b-it,factual recall,0.05,16,64,0.25,9120,9120,768,3,0.956094,0.891055,0.736071,0.154984
gemma-3-12b-it,factual recall,0.05,24,64,0.375,9120,9120,768,3,0.988193,0.971304,0.910716,0.060588
gemma-3-12b-it,factual recall,0.05,32,64,0.5,9120,9120,768,3,1.0,0.998543,0.993726,0.004818
gemma-3-12b-it,factual recall,0.05,48,64,0.75,9120,9120,768,3,1.0,1.0,1.0,0.0
gemma-3-12b-it,factual recall,0.05,64,64,1.0,9120,9120,768,3,1.0,1.0,1.0,0.0
gemma-3-12b-it,factual recall,0.05,96,64,1.5,9120,9120,768,3,1.0,1.0,1.0,0.0
gemma-3-12b-it,factual recall,0.05,128,64,2.0,9120,9120,768,3,1.0,1.0,1.0,0.0
gemma-3-12b-it,factual recall,0.05,2,128,0.0156,9120,9120,768,3,0.517799,0.366745,0.088949,0.277796
gemma-3-12b-it,factual recall,0.05,4,128,0.0312,9120,9120,768,3,0.734147,0.342348,0.134026,0.208322
gemma-3-12b-it,factual recall,0.05,8,128,0.0625,9120,9120,768,3,0.862862,0.597927,0.291641,0.306285
gemma-3-12b-it,factual recall,0.05,16,128,0.125,9120,9120,768,3,0.926518,0.804254,0.528987,0.275266
gemma-3-12b-it,factual recall,0.05,24,128,0.1875,9120,9120,768,3,0.956988,0.895026,0.679291,0.215735
gemma-3-12b-it,factual recall,0.05,32,128,0.25,9120,9120,768,3,0.973154,0.939351,0.797491,0.141861
gemma-3-12b-it,factual recall,0.05,48,128,0.375,9120,9120,768,3,0.99192,0.982425,0.943715,0.03871
gemma-3-12b-it,factual recall,0.05,64,128,0.5,9120,9120,768,3,1.0,0.999566,0.998533,0.001033
gemma-3-12b-it,factual recall,0.05,96,128,0.75,9120,9120,768,3,1.0,1.0,1.0,0.0
gemma-3-12b-it,factual recall,0.05,128,128,1.0,9120,9120,768,3,1.0,1.0,1.0,0.0
gemma-3-12b-it,factual recall,0.05,2,256,0.0078,9120,9120,768,3,0.518352,0.340279,0.0535,0.286779
gemma-3-12b-it,factual recall,0.05,4,256,0.0156,9120,9120,768,3,0.710618,0.325061,0.101619,0.223441
gemma-3-12b-it,factual recall,0.05,8,256,0.0312,9120,9120,768,3,0.840697,0.579768,0.204895,0.374873
gemma-3-12b-it,factual recall,0.05,16,256,0.0625,9120,9120,768,3,0.899855,0.749968,0.372282,0.377686
gemma-3-12b-it,factual recall,0.05,24,256,0.0938,9120,9120,768,3,0.932644,0.831389,0.483755,0.347634
gemma-3-12b-it,factual recall,0.05,32,256,0.125,9120,9120,768,3,0.951108,0.876925,0.577022,0.299903
gemma-3-12b-it,factual recall,0.05,48,256,0.1875,9120,9120,768,3,0.96755,0.92778,0.718487,0.209293
gemma-3-12b-it,factual recall,0.05,64,256,0.25,9120,9120,768,3,0.98151,0.958381,0.824955,0.133426
gemma-3-12b-it,factual recall,0.05,96,256,0.375,9120,9120,768,3,0.994065,0.98846,0.954891,0.033569
gemma-3-12b-it,factual recall,0.05,128,256,0.5,9120,9120,768,3,1.0,0.999888,0.999658,0.00023
gemma-3-12b-it,factual recall,0.05,2,384,0.0052,9120,9120,768,3,0.555937,0.358136,0.058165,0.299971
gemma-3-12b-it,factual recall,0.05,4,384,0.0104,9120,9120,768,3,0.732516,0.361946,0.081101,0.280846
gemma-3-12b-it,factual recall,0.05,8,384,0.0208,9120,9120,768,3,0.863673,0.557352,0.167293,0.390059
gemma-3-12b-it,factual recall,0.05,16,384,0.0417,9120,9120,768,3,0.908315,0.747769,0.300384,0.447384
gemma-3-12b-it,factual recall,0.05,24,384,0.0625,9120,9120,768,3,0.933856,0.830959,0.400132,0.430827
gemma-3-12b-it,factual recall,0.05,32,384,0.0833,9120,9120,768,3,0.950911,0.867438,0.477523,0.389916
gemma-3-12b-it,factual recall,0.05,48,384,0.125,9120,9120,768,3,0.966408,0.910275,0.601912,0.308363
gemma-3-12b-it,factual recall,0.05,64,384,0.1667,9120,9120,768,3,0.976459,0.939612,0.699132,0.24048
gemma-3-12b-it,factual recall,0.05,96,384,0.25,9120,9120,768,3,0.986606,0.96948,0.840275,0.129205
gemma-3-12b-it,factual recall,0.05,128,384,0.3333,9120,9120,768,3,0.993195,0.985559,0.928902,0.056656
gemma-3-12b-it,factual recall,0.05,2,512,0.0039,9120,9120,768,3,0.531617,0.34531,0.044236,0.301074
gemma-3-12b-it,factual recall,0.05,4,512,0.0078,9120,9120,768,3,0.733026,0.326539,0.065794,0.260745
gemma-3-12b-it,factual recall,0.05,8,512,0.0156,9120,9120,768,3,0.835512,0.573594,0.139957,0.433637
gemma-3-12b-it,factual recall,0.05,16,512,0.0312,9120,9120,768,3,0.889059,0.744783,0.259992,0.484791
gemma-3-12b-it,factual recall,0.05,24,512,0.0469,9120,9120,768,3,0.925949,0.823789,0.345157,0.478632
gemma-3-12b-it,factual recall,0.05,32,512,0.0625,9120,9120,768,3,0.94294,0.857116,0.411248,0.445868
gemma-3-12b-it,factual recall,0.05,48,512,0.0938,9120,9120,768,3,0.96202,0.898333,0.521808,0.376525
gemma-3-12b-it,factual recall,0.05,64,512,0.125,9120,9120,768,3,0.97138,0.925453,0.611174,0.314279
gemma-3-12b-it,factual recall,0.05,96,512,0.1875,9120,9120,768,3,0.981209,0.956497,0.747469,0.209028
gemma-3-12b-it,factual recall,0.05,128,512,0.25,9120,9120,768,3,0.987323,0.9731,0.845125,0.127975
gemma-3-12b-it,factual recall,0.05,2,640,0.0031,9120,9120,768,3,0.564528,0.346405,0.043915,0.30249
gemma-3-12b-it,factual recall,0.05,4,640,0.0063,9120,9120,768,3,0.731494,0.324974,0.062482,0.262492
gemma-3-12b-it,factual recall,0.05,8,640,0.0125,9120,9120,768,3,0.839942,0.573186,0.132258,0.440929
gemma-3-12b-it,factual recall,0.05,16,640,0.025,9120,9120,768,3,0.889704,0.747431,0.240256,0.507175
gemma-3-12b-it,factual recall,0.05,24,640,0.0375,9120,9120,768,3,0.926372,0.816535,0.314857,0.501678
gemma-3-12b-it,factual recall,0.05,32,640,0.05,9120,9120,768,3,0.94276,0.852519,0.373342,0.479177
gemma-3-12b-it,factual recall,0.05,48,640,0.075,9120,9120,768,3,0.958689,0.888873,0.476766,0.412107
gemma-3-12b-it,factual recall,0.05,64,640,0.1,9120,9120,768,3,0.968047,0.918897,0.555368,0.363529
gemma-3-12b-it,factual recall,0.05,96,640,0.15,9120,9120,768,3,0.977791,0.949195,0.681705,0.267491
gemma-3-12b-it,factual recall,0.05,128,640,0.2,9120,9120,768,3,0.984683,0.965296,0.774727,0.190569
Qwen1.5-14B-Chat,verse,0.05,2,64,0.0312,10240,10240,768,3,0.985126,0.9579,0.120743,0.837157
Qwen1.5-14B-Chat,verse,0.05,4,64,0.0625,10240,10240,768,3,0.994156,0.838737,0.190503,0.648233
Qwen1.5-14B-Chat,verse,0.05,8,64,0.125,10240,10240,768,3,0.995905,0.983101,0.410518,0.572583
Qwen1.5-14B-Chat,verse,0.05,16,64,0.25,10240,10240,768,3,0.997863,0.994537,0.723348,0.27119
Qwen1.5-14B-Chat,verse,0.05,24,64,0.375,10240,10240,768,3,0.999275,0.998216,0.912449,0.085767
Qwen1.5-14B-Chat,verse,0.05,32,64,0.5,10240,10240,768,3,1.0,0.999887,0.994632,0.005255
Qwen1.5-14B-Chat,verse,0.05,48,64,0.75,10240,10240,768,3,1.0,1.0,1.0,0.0
Qwen1.5-14B-Chat,verse,0.05,64,64,1.0,10240,10240,768,3,1.0,1.0,1.0,0.0
Qwen1.5-14B-Chat,verse,0.05,96,64,1.5,10240,10240,768,3,1.0,1.0,1.0,0.0
Qwen1.5-14B-Chat,verse,0.05,128,64,2.0,10240,10240,768,3,1.0,1.0,1.0,0.0
Qwen1.5-14B-Chat,verse,0.05,2,128,0.0156,10240,10240,768,3,0.988103,0.966112,0.100852,0.86526
Qwen1.5-14B-Chat,verse,0.05,4,128,0.0312,10240,10240,768,3,0.992792,0.896348,0.15026,0.746089
Qwen1.5-14B-Chat,verse,0.05,8,128,0.0625,10240,10240,768,3,0.995421,0.981009,0.291495,0.689513
Qwen1.5-14B-Chat,verse,0.05,16,128,0.125,10240,10240,768,3,0.996825,0.991124,0.533206,0.457918
Qwen1.5-14B-Chat,verse,0.05,24,128,0.1875,10240,10240,768,3,0.998108,0.994734,0.682184,0.312551
Qwen1.5-14B-Chat,verse,0.05,32,128,0.25,10240,10240,768,3,0.998617,0.996777,0.794575,0.202201
Qwen1.5-14B-Chat,verse,0.05,48,128,0.375,10240,10240,768,3,0.999549,0.999058,0.943481,0.055577
Qwen1.5-14B-Chat,verse,0.05,64,128,0.5,10240,10240,768,3,1.0,0.999983,0.998637,0.001347
Qwen1.5-14B-Chat,verse,0.05,96,128,0.75,10240,10240,768,3,1.0,1.0,1.0,0.0
Qwen1.5-14B-Chat,verse,0.05,128,128,1.0,10240,10240,768,3,1.0,1.0,1.0,0.0
Qwen1.5-14B-Chat,verse,0.05,2,256,0.0078,10240,10240,768,3,0.988654,0.97804,0.07537,0.90267
Qwen1.5-14B-Chat,verse,0.05,4,256,0.0156,10240,10240,768,3,0.992371,0.961515,0.103059,0.858456
Qwen1.5-14B-Chat,verse,0.05,8,256,0.0312,10240,10240,768,3,0.994171,0.979799,0.207332,0.772466
Qwen1.5-14B-Chat,verse,0.05,16,256,0.0625,10240,10240,768,3,0.995857,0.989661,0.371762,0.617899
Qwen1.5-14B-Chat,verse,0.05,24,256,0.0938,10240,10240,768,3,0.996949,0.992398,0.494039,0.498359
Qwen1.5-14B-Chat,verse,0.05,32,256,0.125,10240,10240,768,3,0.997428,0.994173,0.581551,0.412622
Qwen1.5-14B-Chat,verse,0.05,48,256,0.1875,10240,10240,768,3,0.998468,0.996355,0.720134,0.276222
Qwen1.5-14B-Chat,verse,0.05,64,256,0.25,10240,10240,768,3,0.998998,0.997743,0.823454,0.174288
Qwen1.5-14B-Chat,verse,0.05,96,256,0.375,10240,10240,768,3,0.999646,0.999318,0.953957,0.045361
Qwen1.5-14B-Chat,verse,0.05,128,256,0.5,10240,10240,768,3,1.0,0.999994,0.999657,0.000337
Qwen1.5-14B-Chat,verse,0.05,2,384,0.0052,10240,10240,768,3,0.989454,0.981752,0.060874,0.920878
Qwen1.5-14B-Chat,verse,0.05,4,384,0.0104,10240,10240,768,3,0.993803,0.94146,0.088476,0.852984
Qwen1.5-14B-Chat,verse,0.05,8,384,0.0208,10240,10240,768,3,0.995202,0.979219,0.167098,0.812121
Qwen1.5-14B-Chat,verse,0.05,16,384,0.0417,10240,10240,768,3,0.995914,0.9889,0.303597,0.685302
Qwen1.5-14B-Chat,verse,0.05,24,384,0.0625,10240,10240,768,3,0.996505,0.991646,0.39849,0.593157
Qwen1.5-14B-Chat,verse,0.05,32,384,0.0833,10240,10240,768,3,0.99735,0.993273,0.476807,0.516466
Qwen1.5-14B-Chat,verse,0.05,48,384,0.125,10240,10240,768,3,0.998356,0.995423,0.59937,0.396053
Qwen1.5-14B-Chat,verse,0.05,64,384,0.1667,10240,10240,768,3,0.998855,0.996757,0.69494,0.301817
Qwen1.5-14B-Chat,verse,0.05,96,384,0.25,10240,10240,768,3,0.999459,0.998226,0.83353,0.164696
Qwen1.5-14B-Chat,verse,0.05,128,384,0.3333,10240,10240,768,3,0.999699,0.999125,0.928132,0.070993
Qwen1.5-14B-Chat,verse,0.05,2,512,0.0039,10240,10240,768,3,0.987577,0.983909,0.053002,0.930907
Qwen1.5-14B-Chat,verse,0.05,4,512,0.0078,10240,10240,768,3,0.99281,0.947081,0.075304,0.871777
Qwen1.5-14B-Chat,verse,0.05,8,512,0.0156,10240,10240,768,3,0.994228,0.979576,0.144017,0.835559
Qwen1.5-14B-Chat,verse,0.05,16,512,0.0312,10240,10240,768,3,0.995427,0.988411,0.262422,0.72599
Qwen1.5-14B-Chat,verse,0.05,24,512,0.0469,10240,10240,768,3,0.996143,0.991029,0.34369,0.647339
Qwen1.5-14B-Chat,verse,0.05,32,512,0.0625,10240,10240,768,3,0.996915,0.992886,0.416952,0.575934
Qwen1.5-14B-Chat,verse,0.05,48,512,0.0938,10240,10240,768,3,0.997983,0.994891,0.528344,0.466547
Qwen1.5-14B-Chat,verse,0.05,64,512,0.125,10240,10240,768,3,0.998407,0.99613,0.61553,0.380601
Qwen1.5-14B-Chat,verse,0.05,96,512,0.1875,10240,10240,768,3,0.999116,0.997567,0.747265,0.250303
Qwen1.5-14B-Chat,verse,0.05,128,512,0.25,10240,10240,768,3,0.999452,0.998507,0.844022,0.154485
Qwen1.5-14B-Chat,verse,0.05,2,640,0.0031,10240,10240,768,3,0.986948,0.984224,0.046218,0.938006
Qwen1.5-14B-Chat,verse,0.05,4,640,0.0063,10240,10240,768,3,0.992431,0.947475,0.068064,0.879411
Qwen1.5-14B-Chat,verse,0.05,8,640,0.0125,10240,10240,768,3,0.994043,0.979867,0.137904,0.841963
Qwen1.5-14B-Chat,verse,0.05,16,640,0.025,10240,10240,768,3,0.995283,0.988381,0.237727,0.750653
Qwen1.5-14B-Chat,verse,0.05,24,640,0.0375,10240,10240,768,3,0.995874,0.990794,0.313538,0.677257
Qwen1.5-14B-Chat,verse,0.05,32,640,0.05,10240,10240,768,3,0.996661,0.992762,0.372809,0.619953
Qwen1.5-14B-Chat,verse,0.05,48,640,0.075,10240,10240,768,3,0.997908,0.99479,0.472354,0.522437
Qwen1.5-14B-Chat,verse,0.05,64,640,0.1,10240,10240,768,3,0.998374,0.995862,0.548111,0.447752
Qwen1.5-14B-Chat,verse,0.05,96,640,0.15,10240,10240,768,3,0.999019,0.997107,0.676189,0.320918
Qwen1.5-14B-Chat,verse,0.05,128,640,0.2,10240,10240,768,3,0.999339,0.998023,0.770917,0.227106
Qwen1.5-14B-Chat,summarization,0.05,2,64,0.0312,10240,10240,768,3,0.954508,0.939868,0.133304,0.806564
Qwen1.5-14B-Chat,summarization,0.05,4,64,0.0625,10240,10240,768,3,0.988685,0.741637,0.203213,0.538424
Qwen1.5-14B-Chat,summarization,0.05,8,64,0.125,10240,10240,768,3,0.994255,0.960924,0.431834,0.529089
Qwen1.5-14B-Chat,summarization,0.05,16,64,0.25,10240,10240,768,3,0.997738,0.990949,0.725914,0.265035
Qwen1.5-14B-Chat,summarization,0.05,24,64,0.375,10240,10240,768,3,0.999229,0.997708,0.912149,0.085559
Qwen1.5-14B-Chat,summarization,0.05,32,64,0.5,10240,10240,768,3,1.0,0.999884,0.995302,0.004582
Qwen1.5-14B-Chat,summarization,0.05,48,64,0.75,10240,10240,768,3,1.0,1.0,1.0,0.0
Qwen1.5-14B-Chat,summarization,0.05,64,64,1.0,10240,10240,768,3,1.0,1.0,1.0,0.0
Qwen1.5-14B-Chat,summarization,0.05,96,64,1.5,10240,10240,768,3,1.0,1.0,1.0,0.0
Qwen1.5-14B-Chat,summarization,0.05,128,64,2.0,10240,10240,768,3,1.0,1.0,1.0,0.0
Qwen1.5-14B-Chat,summarization,0.05,2,128,0.0156,10240,10240,768,3,0.985619,0.965204,0.092398,0.872806
Qwen1.5-14B-Chat,summarization,0.05,4,128,0.0312,10240,10240,768,3,0.991424,0.831764,0.137489,0.694275
Qwen1.5-14B-Chat,summarization,0.05,8,128,0.0625,10240,10240,768,3,0.995074,0.958207,0.293521,0.664686
Qwen1.5-14B-Chat,summarization,0.05,16,128,0.125,10240,10240,768,3,0.997039,0.984694,0.528365,0.456329
Qwen1.5-14B-Chat,summarization,0.05,24,128,0.1875,10240,10240,768,3,0.997904,0.991928,0.685802,0.306126
Qwen1.5-14B-Chat,summarization,0.05,32,128,0.25,10240,10240,768,3,0.998685,0.994938,0.805444,0.189494
Qwen1.5-14B-Chat,summarization,0.05,48,128,0.375,10240,10240,768,3,0.999528,0.998605,0.949599,0.049007
Qwen1.5-14B-Chat,summarization,0.05,64,128,0.5,10240,10240,768,3,1.0,0.999968,0.99903,0.000938
Qwen1.5-14B-Chat,summarization,0.05,96,128,0.75,10240,10240,768,3,1.0,1.0,1.0,0.0
Qwen1.5-14B-Chat,summarization,0.05,128,128,1.0,10240,10240,768,3,1.0,1.0,1.0,0.0
Qwen1.5-14B-Chat,summarization,0.05,2,256,0.0078,10240,10240,768,3,0.985255,0.966522,0.075328,0.891194
Qwen1.5-14B-Chat,summarization,0.05,4,256,0.0156,10240,10240,768,3,0.988846,0.826109,0.111878,0.714231
Qwen1.5-14B-Chat,summarization,0.05,8,256,0.0312,10240,10240,768,3,0.993908,0.962431,0.208524,0.753906
Qwen1.5-14B-Chat,summarization,0.05,16,256,0.0625,10240,10240,768,3,0.995448,0.979497,0.367536,0.611962
Qwen1.5-14B-Chat,summarization,0.05,24,256,0.0938,10240,10240,768,3,0.996795,0.986515,0.484329,0.502186
Qwen1.5-14B-Chat,summarization,0.05,32,256,0.125,10240,10240,768,3,0.997299,0.989735,0.57977,0.409966
Qwen1.5-14B-Chat,summarization,0.05,48,256,0.1875,10240,10240,768,3,0.998408,0.993969,0.7203,0.27367
Qwen1.5-14B-Chat,summarization,0.05,64,256,0.25,10240,10240,768,3,0.998967,0.996362,0.828808,0.167554
Qwen1.5-14B-Chat,summarization,0.05,96,256,0.375,10240,10240,768,3,0.999615,0.998989,0.957031,0.041957
Qwen1.5-14B-Chat,summarization,0.05,128,256,0.5,10240,10240,768,3,1.0,0.999997,0.999744,0.000253
Qwen1.5-14B-Chat,summarization,0.05,2,384,0.0052,10240,10240,768,3,0.987306,0.982625,0.059587,0.923038
Qwen1.5-14B-Chat,summarization,0.05,4,384,0.0104,10240,10240,768,3,0.991197,0.823796,0.08707,0.736727
Qwen1.5-14B-Chat,summarization,0.05,8,384,0.0208,10240,10240,768,3,0.99461,0.96363,0.169083,0.794547
Qwen1.5-14B-Chat,summarization,0.05,16,384,0.0417,10240,10240,768,3,0.996242,0.980464,0.306583,0.673881
Qwen1.5-14B-Chat,summarization,0.05,24,384,0.0625,10240,10240,768,3,0.996835,0.985452,0.406074,0.579378
Qwen1.5-14B-Chat,summarization,0.05,32,384,0.0833,10240,10240,768,3,0.997508,0.98839,0.481026,0.507364
Qwen1.5-14B-Chat,summarization,0.05,48,384,0.125,10240,10240,768,3,0.99826,0.99209,0.603672,0.388418
Qwen1.5-14B-Chat,summarization,0.05,64,384,0.1667,10240,10240,768,3,0.998684,0.994314,0.697637,0.296677
Qwen1.5-14B-Chat,summarization,0.05,96,384,0.25,10240,10240,768,3,0.999267,0.997058,0.840118,0.15694
Qwen1.5-14B-Chat,summarization,0.05,128,384,0.3333,10240,10240,768,3,0.999621,0.998707,0.931005,0.067702
Qwen1.5-14B-Chat,summarization,0.05,2,512,0.0039,10240,10240,768,3,0.984163,0.979798,0.052109,0.927689
Qwen1.5-14B-Chat,summarization,0.05,4,512,0.0078,10240,10240,768,3,0.988875,0.815641,0.074052,0.741589
Qwen1.5-14B-Chat,summarization,0.05,8,512,0.0156,10240,10240,768,3,0.99369,0.964607,0.149864,0.814743
Qwen1.5-14B-Chat,summarization,0.05,16,512,0.0312,10240,10240,768,3,0.995594,0.979616,0.261543,0.718073
Qwen1.5-14B-Chat,summarization,0.05,24,512,0.0469,10240,10240,768,3,0.996351,0.985081,0.348243,0.636838
Qwen1.5-14B-Chat,summarization,0.05,32,512,0.0625,10240,10240,768,3,0.996933,0.98772,0.41837,0.56935
Qwen1.5-14B-Chat,summarization,0.05,48,512,0.0938,10240,10240,768,3,0.997945,0.991508,0.526424,0.465084
Qwen1.5-14B-Chat,summarization,0.05,64,512,0.125,10240,10240,768,3,0.99846,0.993591,0.613898,0.379694
Qwen1.5-14B-Chat,summarization,0.05,96,512,0.1875,10240,10240,768,3,0.999057,0.995962,0.749414,0.246548
Qwen1.5-14B-Chat,summarization,0.05,128,512,0.25,10240,10240,768,3,0.999358,0.997391,0.847081,0.150309
Qwen1.5-14B-Chat,summarization,0.05,2,640,0.0031,10240,10240,768,3,0.983693,0.981638,0.044528,0.93711
Qwen1.5-14B-Chat,summarization,0.05,4,640,0.0063,10240,10240,768,3,0.988517,0.774928,0.065899,0.709029
Qwen1.5-14B-Chat,summarization,0.05,8,640,0.0125,10240,10240,768,3,0.993541,0.962644,0.133604,0.82904
Qwen1.5-14B-Chat,summarization,0.05,16,640,0.025,10240,10240,768,3,0.995515,0.978715,0.236987,0.741728
Qwen1.5-14B-Chat,summarization,0.05,24,640,0.0375,10240,10240,768,3,0.996467,0.983782,0.311521,0.672262
Qwen1.5-14B-Chat,summarization,0.05,32,640,0.05,10240,10240,768,3,0.997015,0.986814,0.374085,0.612729
Qwen1.5-14B-Chat,summarization,0.05,48,640,0.075,10240,10240,768,3,0.997874,0.990342,0.475343,0.514998
Qwen1.5-14B-Chat,summarization,0.05,64,640,0.1,10240,10240,768,3,0.998342,0.99288,0.551713,0.441167
Qwen1.5-14B-Chat,summarization,0.05,96,640,0.15,10240,10240,768,3,0.998964,0.995305,0.677348,0.317957
Qwen1.5-14B-Chat,summarization,0.05,128,640,0.2,10240,10240,768,3,0.999261,0.996686,0.773292,0.223393
Qwen1.5-14B-Chat,persona,0.05,2,64,0.0312,10240,10240,768,3,0.985867,0.789741,0.116196,0.673545
Qwen1.5-14B-Chat,persona,0.05,4,64,0.0625,10240,10240,768,3,0.994168,0.867239,0.183285,0.683953
Qwen1.5-14B-Chat,persona,0.05,8,64,0.125,10240,10240,768,3,0.997319,0.978485,0.393707,0.584778
Qwen1.5-14B-Chat,persona,0.05,16,64,0.25,10240,10240,768,3,0.999034,0.99489,0.725038,0.269852
Qwen1.5-14B-Chat,persona,0.05,24,64,0.375,10240,10240,768,3,0.999681,0.998584,0.915986,0.082598
Qwen1.5-14B-Chat,persona,0.05,32,64,0.5,10240,10240,768,3,1.0,0.999967,0.995615,0.004352
Qwen1.5-14B-Chat,persona,0.05,48,64,0.75,10240,10240,768,3,1.0,1.0,1.0,0.0
Qwen1.5-14B-Chat,persona,0.05,64,64,1.0,10240,10240,768,3,1.0,1.0,1.0,0.0
Qwen1.5-14B-Chat,persona,0.05,96,64,1.5,10240,10240,768,3,1.0,1.0,1.0,0.0
Qwen1.5-14B-Chat,persona,0.05,128,64,2.0,10240,10240,768,3,1.0,1.0,1.0,0.0
Qwen1.5-14B-Chat,persona,0.05,2,128,0.0156,10240,10240,768,3,0.976598,0.735972,0.081123,0.65485
Qwen1.5-14B-Chat,persona,0.05,4,128,0.0312,10240,10240,768,3,0.991572,0.820258,0.143547,0.676711
Qwen1.5-14B-Chat,persona,0.05,8,128,0.0625,10240,10240,768,3,0.996424,0.983049,0.297614,0.685434
Qwen1.5-14B-Chat,persona,0.05,16,128,0.125,10240,10240,768,3,0.997915,0.992943,0.529391,0.463551
Qwen1.5-14B-Chat,persona,0.05,24,128,0.1875,10240,10240,768,3,0.998696,0.995951,0.683617,0.312335
Qwen1.5-14B-Chat,persona,0.05,32,128,0.25,10240,10240,768,3,0.999153,0.9976,0.793107,0.204492
Qwen1.5-14B-Chat,persona,0.05,48,128,0.375,10240,10240,768,3,0.999742,0.999255,0.943973,0.055282
Qwen1.5-14B-Chat,persona,0.05,64,128,0.5,10240,10240,768,3,1.0,0.999991,0.998657,0.001334
Qwen1.5-14B-Chat,persona,0.05,96,128,0.75,10240,10240,768,3,1.0,1.0,1.0,0.0
Qwen1.5-14B-Chat,persona,0.05,128,128,1.0,10240,10240,768,3,1.0,1.0,1.0,0.0
Qwen1.5-14B-Chat,persona,0.05,2,256,0.0078,10240,10240,768,3,0.980872,0.789732,0.068149,0.721582
Qwen1.5-14B-Chat,persona,0.05,4,256,0.0156,10240,10240,768,3,0.991493,0.735896,0.094789,0.641107
Qwen1.5-14B-Chat,persona,0.05,8,256,0.0312,10240,10240,768,3,0.996307,0.981013,0.206197,0.774816
Qwen1.5-14B-Chat,persona,0.05,16,256,0.0625,10240,10240,768,3,0.998027,0.991906,0.368461,0.623445
Qwen1.5-14B-Chat,persona,0.05,24,256,0.0938,10240,10240,768,3,0.998464,0.994328,0.482471,0.511857
Qwen1.5-14B-Chat,persona,0.05,32,256,0.125,10240,10240,768,3,0.998853,0.995635,0.576991,0.418643
Qwen1.5-14B-Chat,persona,0.05,48,256,0.1875,10240,10240,768,3,0.999223,0.997388,0.716489,0.280899
Qwen1.5-14B-Chat,persona,0.05,64,256,0.25,10240,10240,768,3,0.999499,0.998435,0.826781,0.171653
Qwen1.5-14B-Chat,persona,0.05,96,256,0.375,10240,10240,768,3,0.999861,0.99958,0.95344,0.046141
Qwen1.5-14B-Chat,persona,0.05,128,256,0.5,10240,10240,768,3,1.0,1.0,0.99973,0.00027
Qwen1.5-14B-Chat,persona,0.05,2,384,0.0052,10240,10240,768,3,0.981061,0.792821,0.053162,0.739659
Qwen1.5-14B-Chat,persona,0.05,4,384,0.0104,10240,10240,768,3,0.991453,0.792481,0.081814,0.710668
Qwen1.5-14B-Chat,persona,0.05,8,384,0.0208,10240,10240,768,3,0.996324,0.984536,0.169346,0.815189
Qwen1.5-14B-Chat,persona,0.05,16,384,0.0417,10240,10240,768,3,0.997754,0.992836,0.307176,0.68566
Qwen1.5-14B-Chat,persona,0.05,24,384,0.0625,10240,10240,768,3,0.998162,0.994925,0.407317,0.587607
Qwen1.5-14B-Chat,persona,0.05,32,384,0.0833,10240,10240,768,3,0.998551,0.995882,0.481418,0.514464
Qwen1.5-14B-Chat,persona,0.05,48,384,0.125,10240,10240,768,3,0.998894,0.997138,0.603026,0.394112
Qwen1.5-14B-Chat,persona,0.05,64,384,0.1667,10240,10240,768,3,0.999183,0.997968,0.695779,0.30219
Qwen1.5-14B-Chat,persona,0.05,96,384,0.25,10240,10240,768,3,0.999571,0.998883,0.83662,0.162262
Qwen1.5-14B-Chat,persona,0.05,128,384,0.3333,10240,10240,768,3,0.999828,0.999476,0.928728,0.070749
Qwen1.5-14B-Chat,persona,0.05,2,512,0.0039,10240,10240,768,3,0.983785,0.819803,0.057,0.762803
Qwen1.5-14B-Chat,persona,0.05,4,512,0.0078,10240,10240,768,3,0.992426,0.746115,0.077306,0.668809
Qwen1.5-14B-Chat,persona,0.05,8,512,0.0156,10240,10240,768,3,0.996442,0.984075,0.147426,0.83665
Qwen1.5-14B-Chat,persona,0.05,16,512,0.0312,10240,10240,768,3,0.997952,0.992334,0.267025,0.72531
Qwen1.5-14B-Chat,persona,0.05,24,512,0.0469,10240,10240,768,3,0.998294,0.994295,0.350197,0.644097
Qwen1.5-14B-Chat,persona,0.05,32,512,0.0625,10240,10240,768,3,0.998576,0.995441,0.41634,0.579101
Qwen1.5-14B-Chat,persona,0.05,48,512,0.0938,10240,10240,768,3,0.998872,0.996864,0.52577,0.471094
Qwen1.5-14B-Chat,persona,0.05,64,512,0.125,10240,10240,768,3,0.999198,0.997577,0.611212,0.386365
Qwen1.5-14B-Chat,persona,0.05,96,512,0.1875,10240,10240,768,3,0.99952,0.998484,0.747511,0.250972
Qwen1.5-14B-Chat,persona,0.05,128,512,0.25,10240,10240,768,3,0.999718,0.999049,0.843534,0.155515
Qwen1.5-14B-Chat,persona,0.05,2,640,0.0031,10240,10240,768,3,0.985581,0.829664,0.040084,0.78958
Qwen1.5-14B-Chat,persona,0.05,4,640,0.0063,10240,10240,768,3,0.992387,0.724594,0.061955,0.662639
Qwen1.5-14B-Chat,persona,0.05,8,640,0.0125,10240,10240,768,3,0.996478,0.984714,0.132704,0.85201
Qwen1.5-14B-Chat,persona,0.05,16,640,0.025,10240,10240,768,3,0.998017,0.992441,0.235949,0.756492
Qwen1.5-14B-Chat,persona,0.05,24,640,0.0375,10240,10240,768,3,0.998252,0.99431,0.311813,0.682497
Qwen1.5-14B-Chat,persona,0.05,32,640,0.05,10240,10240,768,3,0.998552,0.995391,0.373345,0.622047
Qwen1.5-14B-Chat,persona,0.05,48,640,0.075,10240,10240,768,3,0.998935,0.996634,0.473192,0.523442
Qwen1.5-14B-Chat,persona,0.05,64,640,0.1,10240,10240,768,3,0.999206,0.997428,0.553351,0.444077
Qwen1.5-14B-Chat,persona,0.05,96,640,0.15,10240,10240,768,3,0.999448,0.998243,0.68092,0.317324
Qwen1.5-14B-Chat,persona,0.05,128,640,0.2,10240,10240,768,3,0.999598,0.998804,0.775343,0.223461
Qwen1.5-14B-Chat,bias,0.05,2,64,0.0312,10240,10240,768,3,0.991994,0.95035,0.136057,0.814293
Qwen1.5-14B-Chat,bias,0.05,4,64,0.0625,10240,10240,768,3,0.997102,0.784547,0.204802,0.579745
Qwen1.5-14B-Chat,bias,0.05,8,64,0.125,10240,10240,768,3,0.998468,0.986512,0.423343,0.563168
Qwen1.5-14B-Chat,bias,0.05,16,64,0.25,10240,10240,768,3,0.999267,0.997015,0.736648,0.260367
Qwen1.5-14B-Chat,bias,0.05,24,64,0.375,10240,10240,768,3,0.999769,0.999385,0.920278,0.079107
Qwen1.5-14B-Chat,bias,0.05,32,64,0.5,10240,10240,768,3,1.0,0.999981,0.996193,0.003788
Qwen1.5-14B-Chat,bias,0.05,48,64,0.75,10240,10240,768,3,1.0,1.0,1.0,0.0
Qwen1.5-14B-Chat,bias,0.05,64,64,1.0,10240,10240,768,3,1.0,1.0,1.0,0.0
Qwen1.5-14B-Chat,bias,0.05,96,64,1.5,10240,10240,768,3,1.0,1.0,1.0,0.0
Qwen1.5-14B-Chat,bias,0.05,128,64,2.0,10240,10240,768,3,1.0,1.0,1.0,0.0
Qwen1.5-14B-Chat,bias,0.05,2,128,0.0156,10240,10240,768,3,0.988752,0.960463,0.086822,0.873641
Qwen1.5-14B-Chat,bias,0.05,4,128,0.0312,10240,10240,768,3,0.995525,0.743397,0.14958,0.593817
Qwen1.5-14B-Chat,bias,0.05,8,128,0.0625,10240,10240,768,3,0.997359,0.984681,0.280596,0.704084
Qwen1.5-14B-Chat,bias,0.05,16,128,0.125,10240,10240,768,3,0.998324,0.994528,0.518186,0.476343
Qwen1.5-14B-Chat,bias,0.05,24,128,0.1875,10240,10240,768,3,0.99899,0.996694,0.674449,0.322245
Qwen1.5-14B-Chat,bias,0.05,32,128,0.25,10240,10240,768,3,0.999321,0.998089,0.796448,0.201642
Qwen1.5-14B-Chat,bias,0.05,48,128,0.375,10240,10240,768,3,0.999749,0.999408,0.944944,0.054463
Qwen1.5-14B-Chat,bias,0.05,64,128,0.5,10240,10240,768,3,1.0,0.999989,0.998878,0.001111
Qwen1.5-14B-Chat,bias,0.05,96,128,0.75,10240,10240,768,3,1.0,1.0,1.0,0.0
Qwen1.5-14B-Chat,bias,0.05,128,128,1.0,10240,10240,768,3,1.0,1.0,1.0,0.0
Qwen1.5-14B-Chat,bias,0.05,2,256,0.0078,10240,10240,768,3,0.990317,0.951037,0.082224,0.868813
Qwen1.5-14B-Chat,bias,0.05,4,256,0.0156,10240,10240,768,3,0.996756,0.76773,0.096797,0.670933
Qwen1.5-14B-Chat,bias,0.05,8,256,0.0312,10240,10240,768,3,0.997559,0.988172,0.207048,0.781124
Qwen1.5-14B-Chat,bias,0.05,16,256,0.0625,10240,10240,768,3,0.998195,0.994452,0.367762,0.626689
Qwen1.5-14B-Chat,bias,0.05,24,256,0.0938,10240,10240,768,3,0.99864,0.995942,0.484626,0.511316
Qwen1.5-14B-Chat,bias,0.05,32,256,0.125,10240,10240,768,3,0.99893,0.996849,0.576553,0.420296
Qwen1.5-14B-Chat,bias,0.05,48,256,0.1875,10240,10240,768,3,0.999314,0.997993,0.724801,0.273192
Qwen1.5-14B-Chat,bias,0.05,64,256,0.25,10240,10240,768,3,0.999537,0.998759,0.83037,0.168389
Qwen1.5-14B-Chat,bias,0.05,96,256,0.375,10240,10240,768,3,0.999854,0.999668,0.956228,0.043439
Qwen1.5-14B-Chat,bias,0.05,128,256,0.5,10240,10240,768,3,1.0,0.999999,0.999737,0.000261
Qwen1.5-14B-Chat,bias,0.05,2,384,0.0052,10240,10240,768,3,0.994757,0.971379,0.058351,0.913028
Qwen1.5-14B-Chat,bias,0.05,4,384,0.0104,10240,10240,768,3,0.996258,0.752113,0.081954,0.67016
Qwen1.5-14B-Chat,bias,0.05,8,384,0.0208,10240,10240,768,3,0.997423,0.987774,0.173217,0.814557
Qwen1.5-14B-Chat,bias,0.05,16,384,0.0417,10240,10240,768,3,0.998034,0.994349,0.30812,0.686229
Qwen1.5-14B-Chat,bias,0.05,24,384,0.0625,10240,10240,768,3,0.998346,0.995866,0.407358,0.588508
Qwen1.5-14B-Chat,bias,0.05,32,384,0.0833,10240,10240,768,3,0.998674,0.996507,0.484025,0.512482
Qwen1.5-14B-Chat,bias,0.05,48,384,0.125,10240,10240,768,3,0.998996,0.997589,0.601625,0.395964
Qwen1.5-14B-Chat,bias,0.05,64,384,0.1667,10240,10240,768,3,0.999234,0.998216,0.701107,0.297108
Qwen1.5-14B-Chat,bias,0.05,96,384,0.25,10240,10240,768,3,0.999572,0.999041,0.845738,0.153302
Qwen1.5-14B-Chat,bias,0.05,128,384,0.3333,10240,10240,768,3,0.999812,0.999576,0.934979,0.064597
Qwen1.5-14B-Chat,bias,0.05,2,512,0.0039,10240,10240,768,3,0.995989,0.962392,0.049272,0.913121
Qwen1.5-14B-Chat,bias,0.05,4,512,0.0078,10240,10240,768,3,0.996652,0.752628,0.070115,0.682514
Qwen1.5-14B-Chat,bias,0.05,8,512,0.0156,10240,10240,768,3,0.997551,0.990018,0.144563,0.845455
Qwen1.5-14B-Chat,bias,0.05,16,512,0.0312,10240,10240,768,3,0.998084,0.994582,0.26887,0.725712
Qwen1.5-14B-Chat,bias,0.05,24,512,0.0469,10240,10240,768,3,0.998337,0.995788,0.353062,0.642725
Qwen1.5-14B-Chat,bias,0.05,32,512,0.0625,10240,10240,768,3,0.998646,0.996492,0.420105,0.576387
Qwen1.5-14B-Chat,bias,0.05,48,512,0.0938,10240,10240,768,3,0.998992,0.997378,0.524115,0.473264
Qwen1.5-14B-Chat,bias,0.05,64,512,0.125,10240,10240,768,3,0.999146,0.997991,0.61364,0.384351
Qwen1.5-14B-Chat,bias,0.05,96,512,0.1875,10240,10240,768,3,0.999469,0.998723,0.748323,0.2504
Qwen1.5-14B-Chat,bias,0.05,128,512,0.25,10240,10240,768,3,0.999658,0.999221,0.846514,0.152707
Qwen1.5-14B-Chat,bias,0.05,2,640,0.0031,10240,10240,768,3,0.996222,0.962416,0.04772,0.914696
Qwen1.5-14B-Chat,bias,0.05,4,640,0.0063,10240,10240,768,3,0.996798,0.750264,0.06513,0.685134
Qwen1.5-14B-Chat,bias,0.05,8,640,0.0125,10240,10240,768,3,0.99765,0.990691,0.127265,0.863425
Qwen1.5-14B-Chat,bias,0.05,16,640,0.025,10240,10240,768,3,0.998061,0.994784,0.233077,0.761707
Qwen1.5-14B-Chat,bias,0.05,24,640,0.0375,10240,10240,768,3,0.9983,0.99575,0.312685,0.683065
Qwen1.5-14B-Chat,bias,0.05,32,640,0.05,10240,10240,768,3,0.998589,0.996336,0.374056,0.62228
Qwen1.5-14B-Chat,bias,0.05,48,640,0.075,10240,10240,768,3,0.998878,0.99724,0.473799,0.523441
Qwen1.5-14B-Chat,bias,0.05,64,640,0.1,10240,10240,768,3,0.999067,0.997801,0.553906,0.443895
Qwen1.5-14B-Chat,bias,0.05,96,640,0.15,10240,10240,768,3,0.999388,0.998529,0.681481,0.317047
Qwen1.5-14B-Chat,bias,0.05,128,640,0.2,10240,10240,768,3,0.999589,0.998994,0.779911,0.219083
Qwen1.5-14B-Chat,factual recall,0.05,2,64,0.0312,10240,10240,764,3,0.680539,0.431058,0.126464,0.304594
Qwen1.5-14B-Chat,factual recall,0.05,4,64,0.0625,10240,10240,764,3,0.970159,0.660134,0.193338,0.466796
Qwen1.5-14B-Chat,factual recall,0.05,8,64,0.125,10240,10240,764,3,0.992368,0.962025,0.412986,0.549039
Qwen1.5-14B-Chat,factual recall,0.05,16,64,0.25,10240,10240,764,3,0.997109,0.991124,0.725609,0.265515
Qwen1.5-14B-Chat,factual recall,0.05,24,64,0.375,10240,10240,764,3,0.999423,0.996934,0.905786,0.091148
Qwen1.5-14B-Chat,factual recall,0.05,32,64,0.5,10240,10240,764,3,1.0,0.999808,0.994037,0.005772
Qwen1.5-14B-Chat,factual recall,0.05,48,64,0.75,10240,10240,764,3,1.0,1.0,1.0,0.0
Qwen1.5-14B-Chat,factual recall,0.05,64,64,1.0,10240,10240,764,3,1.0,1.0,1.0,0.0
Qwen1.5-14B-Chat,factual recall,0.05,96,64,1.5,10240,10240,764,3,1.0,1.0,1.0,0.0
Qwen1.5-14B-Chat,factual recall,0.05,128,64,2.0,10240,10240,764,3,1.0,1.0,1.0,0.0
Qwen1.5-14B-Chat,factual recall,0.05,2,128,0.0156,10240,10240,764,3,0.595629,0.352681,0.097742,0.254939
Qwen1.5-14B-Chat,factual recall,0.05,4,128,0.0312,10240,10240,764,3,0.98299,0.650113,0.149561,0.500552
Qwen1.5-14B-Chat,factual recall,0.05,8,128,0.0625,10240,10240,764,3,0.991229,0.962935,0.306692,0.656243
Qwen1.5-14B-Chat,factual recall,0.05,16,128,0.125,10240,10240,764,3,0.994819,0.988463,0.529548,0.458915
Qwen1.5-14B-Chat,factual recall,0.05,24,128,0.1875,10240,10240,764,3,0.996414,0.993083,0.682758,0.310325
Qwen1.5-14B-Chat,factual recall,0.05,32,128,0.25,10240,10240,764,3,0.997872,0.995737,0.794561,0.201176
Qwen1.5-14B-Chat,factual recall,0.05,48,128,0.375,10240,10240,764,3,0.999465,0.998732,0.938812,0.059919
Qwen1.5-14B-Chat,factual recall,0.05,64,128,0.5,10240,10240,764,3,1.0,0.999975,0.998493,0.001482
Qwen1.5-14B-Chat,factual recall,0.05,96,128,0.75,10240,10240,764,3,1.0,1.0,1.0,0.0
Qwen1.5-14B-Chat,factual recall,0.05,128,128,1.0,10240,10240,764,3,1.0,1.0,1.0,0.0
Qwen1.5-14B-Chat,factual recall,0.05,2,256,0.0078,10240,10240,764,3,0.647897,0.355968,0.072216,0.283751
Qwen1.5-14B-Chat,factual recall,0.05,4,256,0.0156,10240,10240,764,3,0.985272,0.613406,0.103478,0.509928
Qwen1.5-14B-Chat,factual recall,0.05,8,256,0.0312,10240,10240,764,3,0.994852,0.965241,0.202913,0.762328
Qwen1.5-14B-Chat,factual recall,0.05,16,256,0.0625,10240,10240,764,3,0.99776,0.988034,0.37212,0.615913
Qwen1.5-14B-Chat,factual recall,0.05,24,256,0.0938,10240,10240,764,3,0.998586,0.991773,0.492463,0.49931
Qwen1.5-14B-Chat,factual recall,0.05,32,256,0.125,10240,10240,764,3,0.998922,0.993685,0.584912,0.408773
Qwen1.5-14B-Chat,factual recall,0.05,48,256,0.1875,10240,10240,764,3,0.999542,0.996437,0.717984,0.278453
Qwen1.5-14B-Chat,factual recall,0.05,64,256,0.25,10240,10240,764,3,0.999694,0.997763,0.823464,0.174299
Qwen1.5-14B-Chat,factual recall,0.05,96,256,0.375,10240,10240,764,3,0.999905,0.999237,0.952448,0.046789
Qwen1.5-14B-Chat,factual recall,0.05,128,256,0.5,10240,10240,764,3,1.0,0.999998,0.99964,0.000358
Qwen1.5-14B-Chat,factual recall,0.05,2,384,0.0052,10240,10240,764,3,0.605201,0.338071,0.061935,0.276136
Qwen1.5-14B-Chat,factual recall,0.05,4,384,0.0104,10240,10240,764,3,0.983073,0.594343,0.080085,0.514258
Qwen1.5-14B-Chat,factual recall,0.05,8,384,0.0208,10240,10240,764,3,0.991104,0.968188,0.164894,0.803294
Qwen1.5-14B-Chat,factual recall,0.05,16,384,0.0417,10240,10240,764,3,0.997609,0.987209,0.310156,0.677054
Qwen1.5-14B-Chat,factual recall,0.05,24,384,0.0625,10240,10240,764,3,0.998578,0.990988,0.402427,0.588561
Qwen1.5-14B-Chat,factual recall,0.05,32,384,0.0833,10240,10240,764,3,0.998882,0.992856,0.480692,0.512164
Qwen1.5-14B-Chat,factual recall,0.05,48,384,0.125,10240,10240,764,3,0.999235,0.995322,0.600968,0.394354
Qwen1.5-14B-Chat,factual recall,0.05,64,384,0.1667,10240,10240,764,3,0.999443,0.996571,0.698506,0.298065
Qwen1.5-14B-Chat,factual recall,0.05,96,384,0.25,10240,10240,764,3,0.99969,0.99813,0.836636,0.161494
Qwen1.5-14B-Chat,factual recall,0.05,128,384,0.3333,10240,10240,764,3,0.999862,0.999062,0.925985,0.073077
Qwen1.5-14B-Chat,factual recall,0.05,2,512,0.0039,10240,10240,764,3,0.633242,0.358418,0.047454,0.310964
Qwen1.5-14B-Chat,factual recall,0.05,4,512,0.0078,10240,10240,764,3,0.982627,0.612136,0.074567,0.537568
Qwen1.5-14B-Chat,factual recall,0.05,8,512,0.0156,10240,10240,764,3,0.991661,0.965359,0.147584,0.817776
Qwen1.5-14B-Chat,factual recall,0.05,16,512,0.0312,10240,10240,764,3,0.996964,0.987087,0.263092,0.723995
Qwen1.5-14B-Chat,factual recall,0.05,24,512,0.0469,10240,10240,764,3,0.998001,0.990218,0.351634,0.638584
Qwen1.5-14B-Chat,factual recall,0.05,32,512,0.0625,10240,10240,764,3,0.998377,0.992285,0.42028,0.572005
Qwen1.5-14B-Chat,factual recall,0.05,48,512,0.0938,10240,10240,764,3,0.998939,0.99473,0.526908,0.467821
Qwen1.5-14B-Chat,factual recall,0.05,64,512,0.125,10240,10240,764,3,0.99923,0.996108,0.6139,0.382207
Qwen1.5-14B-Chat,factual recall,0.05,96,512,0.1875,10240,10240,764,3,0.999578,0.99749,0.744848,0.252641
Qwen1.5-14B-Chat,factual recall,0.05,128,512,0.25,10240,10240,764,3,0.999762,0.998362,0.84065,0.157712
Qwen1.5-14B-Chat,factual recall,0.05,2,640,0.0031,10240,10240,764,3,0.639084,0.369474,0.044809,0.324665
Qwen1.5-14B-Chat,factual recall,0.05,4,640,0.0063,10240,10240,764,3,0.983349,0.622216,0.066424,0.555792
Qwen1.5-14B-Chat,factual recall,0.05,8,640,0.0125,10240,10240,764,3,0.994428,0.968357,0.128937,0.839421
Qwen1.5-14B-Chat,factual recall,0.05,16,640,0.025,10240,10240,764,3,0.998063,0.986157,0.237492,0.748666
Qwen1.5-14B-Chat,factual recall,0.05,24,640,0.0375,10240,10240,764,3,0.998616,0.989821,0.312089,0.677732
Qwen1.5-14B-Chat,factual recall,0.05,32,640,0.05,10240,10240,764,3,0.998964,0.992244,0.376159,0.616085
Qwen1.5-14B-Chat,factual recall,0.05,48,640,0.075,10240,10240,764,3,0.999304,0.994732,0.476505,0.518227
Qwen1.5-14B-Chat,factual recall,0.05,64,640,0.1,10240,10240,764,3,0.99949,0.995936,0.556692,0.439244
Qwen1.5-14B-Chat,factual recall,0.05,96,640,0.15,10240,10240,764,3,0.999692,0.997183,0.680486,0.316697
Qwen1.5-14B-Chat,factual recall,0.05,128,640,0.2,10240,10240,764,3,0.999807,0.998027,0.77452,0.223507
Falcon3-10B-Instruct,verse,0.05,2,64,0.0312,6144,6144,768,3,0.957521,0.657952,0.138969,0.518983
Falcon3-10B-Instruct,verse,0.05,4,64,0.0625,6144,6144,768,3,0.990457,0.75859,0.212128,0.546463
Falcon3-10B-Instruct,verse,0.05,8,64,0.125,6144,6144,768,3,0.997743,0.93867,0.417914,0.520756
Falcon3-10B-Instruct,verse,0.05,16,64,0.25,6144,6144,768,3,0.999247,0.985482,0.735315,0.250167
Falcon3-10B-Instruct,verse,0.05,24,64,0.375,6144,6144,768,3,0.999859,0.99592,0.9095,0.08642
Falcon3-10B-Instruct,verse,0.05,32,64,0.5,6144,6144,768,3,1.0,0.999921,0.994713,0.005208
Falcon3-10B-Instruct,verse,0.05,48,64,0.75,6144,6144,768,3,1.0,1.0,1.0,0.0
Falcon3-10B-Instruct,verse,0.05,64,64,1.0,6144,6144,768,3,1.0,1.0,1.0,0.0
Falcon3-10B-Instruct,verse,0.05,96,64,1.5,6144,6144,768,3,1.0,1.0,1.0,0.0
Falcon3-10B-Instruct,verse,0.05,128,64,2.0,6144,6144,768,3,1.0,1.0,1.0,0.0
Falcon3-10B-Instruct,verse,0.05,2,128,0.0156,6144,6144,768,3,0.939132,0.626762,0.10715,0.519612
Falcon3-10B-Instruct,verse,0.05,4,128,0.0312,6144,6144,768,3,0.989367,0.763215,0.145831,0.617383
Falcon3-10B-Instruct,verse,0.05,8,128,0.0625,6144,6144,768,3,0.997058,0.936146,0.297355,0.638791
Falcon3-10B-Instruct,verse,0.05,16,128,0.125,6144,6144,768,3,0.998681,0.979448,0.522966,0.456482
Falcon3-10B-Instruct,verse,0.05,24,128,0.1875,6144,6144,768,3,0.999371,0.989143,0.671539,0.317604
Falcon3-10B-Instruct,verse,0.05,32,128,0.25,6144,6144,768,3,0.999644,0.993829,0.789573,0.204256
Falcon3-10B-Instruct,verse,0.05,48,128,0.375,6144,6144,768,3,0.999922,0.99847,0.939434,0.059036
Falcon3-10B-Instruct,verse,0.05,64,128,0.5,6144,6144,768,3,1.0,0.999992,0.998739,0.001253
Falcon3-10B-Instruct,verse,0.05,96,128,0.75,6144,6144,768,3,1.0,1.0,1.0,0.0
Falcon3-10B-Instruct,verse,0.05,128,128,1.0,6144,6144,768,3,1.0,1.0,1.0,0.0
Falcon3-10B-Instruct,verse,0.05,2,256,0.0078,6144,6144,768,3,0.95587,0.689401,0.082357,0.607044
Falcon3-10B-Instruct,verse,0.05,4,256,0.0156,6144,6144,768,3,0.990338,0.781433,0.104786,0.676647
Falcon3-10B-Instruct,verse,0.05,8,256,0.0312,6144,6144,768,3,0.997903,0.926019,0.205097,0.720921
Falcon3-10B-Instruct,verse,0.05,16,256,0.0625,6144,6144,768,3,0.998948,0.974451,0.370451,0.604
Falcon3-10B-Instruct,verse,0.05,24,256,0.0938,6144,6144,768,3,0.999349,0.984176,0.485524,0.498652
Falcon3-10B-Instruct,verse,0.05,32,256,0.125,6144,6144,768,3,0.999548,0.988516,0.578829,0.409687
Falcon3-10B-Instruct,verse,0.05,48,256,0.1875,6144,6144,768,3,0.999819,0.993763,0.719764,0.274
Falcon3-10B-Instruct,verse,0.05,64,256,0.25,6144,6144,768,3,0.999907,0.996348,0.826589,0.169758
Falcon3-10B-Instruct,verse,0.05,96,256,0.375,6144,6144,768,3,0.999977,0.999092,0.954439,0.044653
Falcon3-10B-Instruct,verse,0.05,128,256,0.5,6144,6144,768,3,1.0,0.999998,0.999698,0.0003
Falcon3-10B-Instruct,verse,0.05,2,384,0.0052,6144,6144,768,3,0.945116,0.637269,0.060742,0.576527
Falcon3-10B-Instruct,verse,0.05,4,384,0.0104,6144,6144,768,3,0.989777,0.815765,0.085878,0.729886
Falcon3-10B-Instruct,verse,0.05,8,384,0.0208,6144,6144,768,3,0.997666,0.925311,0.166909,0.758402
Falcon3-10B-Instruct,verse,0.05,16,384,0.0417,6144,6144,768,3,0.998946,0.976343,0.305784,0.670559
Falcon3-10B-Instruct,verse,0.05,24,384,0.0625,6144,6144,768,3,0.999357,0.984162,0.405716,0.578445
Falcon3-10B-Instruct,verse,0.05,32,384,0.0833,6144,6144,768,3,0.99967,0.988204,0.48191,0.506294
Falcon3-10B-Instruct,verse,0.05,48,384,0.125,6144,6144,768,3,0.999829,0.992353,0.605373,0.386981
Falcon3-10B-Instruct,verse,0.05,64,384,0.1667,6144,6144,768,3,0.999898,0.994627,0.699006,0.295621
Falcon3-10B-Instruct,verse,0.05,96,384,0.25,6144,6144,768,3,0.99995,0.99737,0.839073,0.158297
Falcon3-10B-Instruct,verse,0.05,128,384,0.3333,6144,6144,768,3,0.999978,0.998855,0.930576,0.068279
Falcon3-10B-Instruct,verse,0.05,2,512,0.0039,6144,6144,768,3,0.946773,0.645052,0.064538,0.580514
Falcon3-10B-Instruct,verse,0.05,4,512,0.0078,6144,6144,768,3,0.987285,0.806937,0.077988,0.728949
Falcon3-10B-Instruct,verse,0.05,8,512,0.0156,6144,6144,768,3,0.997947,0.9263,0.146421,0.77988
Falcon3-10B-Instruct,verse,0.05,16,512,0.0312,6144,6144,768,3,0.998958,0.975183,0.264479,0.710703
Falcon3-10B-Instruct,verse,0.05,24,512,0.0469,6144,6144,768,3,0.99948,0.98304,0.346215,0.636825
Falcon3-10B-Instruct,verse,0.05,32,512,0.0625,6144,6144,768,3,0.999639,0.987687,0.417812,0.569875
Falcon3-10B-Instruct,verse,0.05,48,512,0.0938,6144,6144,768,3,0.999815,0.991981,0.523495,0.468486
Falcon3-10B-Instruct,verse,0.05,64,512,0.125,6144,6144,768,3,0.999887,0.994067,0.609994,0.384073
Falcon3-10B-Instruct,verse,0.05,96,512,0.1875,6144,6144,768,3,0.999947,0.996504,0.745867,0.250637
Falcon3-10B-Instruct,verse,0.05,128,512,0.25,6144,6144,768,3,0.99997,0.997899,0.842662,0.155237
Falcon3-10B-Instruct,verse,0.05,2,640,0.0031,6144,6144,768,3,0.947067,0.622395,0.0508,0.571596
Falcon3-10B-Instruct,verse,0.05,4,640,0.0063,6144,6144,768,3,0.989587,0.819971,0.064332,0.755639
Falcon3-10B-Instruct,verse,0.05,8,640,0.0125,6144,6144,768,3,0.997979,0.930786,0.128414,0.802372
Falcon3-10B-Instruct,verse,0.05,16,640,0.025,6144,6144,768,3,0.999037,0.975916,0.23016,0.745756
Falcon3-10B-Instruct,verse,0.05,24,640,0.0375,6144,6144,768,3,0.999521,0.982531,0.306779,0.675752
Falcon3-10B-Instruct,verse,0.05,32,640,0.05,6144,6144,768,3,0.999656,0.987506,0.371486,0.61602
Falcon3-10B-Instruct,verse,0.05,48,640,0.075,6144,6144,768,3,0.999844,0.991431,0.475829,0.515602
Falcon3-10B-Instruct,verse,0.05,64,640,0.1,6144,6144,768,3,0.999892,0.993293,0.553537,0.439756
Falcon3-10B-Instruct,verse,0.05,96,640,0.15,6144,6144,768,3,0.999948,0.995748,0.679599,0.316148
Falcon3-10B-Instruct,verse,0.05,128,640,0.2,6144,6144,768,3,0.999967,0.997195,0.772231,0.224964
Falcon3-10B-Instruct,summarization,0.05,2,64,0.0312,6144,6144,768,3,0.323176,0.212204,0.129149,0.083055
Falcon3-10B-Instruct,summarization,0.05,4,64,0.0625,6144,6144,768,3,0.911249,0.54438,0.194623,0.349757
Falcon3-10B-Instruct,summarization,0.05,8,64,0.125,6144,6144,768,3,0.973461,0.795467,0.424281,0.371186
Falcon3-10B-Instruct,summarization,0.05,16,64,0.25,6144,6144,768,3,0.992268,0.966012,0.731657,0.234355
Falcon3-10B-Instruct,summarization,0.05,24,64,0.375,6144,6144,768,3,0.998059,0.993652,0.912908,0.080744
Falcon3-10B-Instruct,summarization,0.05,32,64,0.5,6144,6144,768,3,1.0,0.999686,0.995539,0.004147
Falcon3-10B-Instruct,summarization,0.05,48,64,0.75,6144,6144,768,3,1.0,1.0,1.0,0.0
Falcon3-10B-Instruct,summarization,0.05,64,64,1.0,6144,6144,768,3,1.0,1.0,1.0,0.0
Falcon3-10B-Instruct,summarization,0.05,96,64,1.5,6144,6144,768,3,1.0,1.0,1.0,0.0
Falcon3-10B-Instruct,summarization,0.05,128,64,2.0,6144,6144,768,3,1.0,1.0,1.0,0.0
Falcon3-10B-Instruct,summarization,0.05,2,128,0.0156,6144,6144,768,3,0.475049,0.294576,0.096799,0.197777
Falcon3-10B-Instruct,summarization,0.05,4,128,0.0312,6144,6144,768,3,0.895542,0.541027,0.148312,0.392715
Falcon3-10B-Instruct,summarization,0.05,8,128,0.0625,6144,6144,768,3,0.965257,0.787194,0.302108,0.485086
Falcon3-10B-Instruct,summarization,0.05,16,128,0.125,6144,6144,768,3,0.986678,0.944142,0.517044,0.427098
Falcon3-10B-Instruct,summarization,0.05,24,128,0.1875,6144,6144,768,3,0.992072,0.971817,0.676494,0.295323
Falcon3-10B-Instruct,summarization,0.05,32,128,0.25,6144,6144,768,3,0.994299,0.984509,0.798248,0.186261
Falcon3-10B-Instruct,summarization,0.05,48,128,0.375,6144,6144,768,3,0.998357,0.996406,0.942261,0.054145
Falcon3-10B-Instruct,summarization,0.05,64,128,0.5,6144,6144,768,3,1.0,0.999979,0.998861,0.001119
Falcon3-10B-Instruct,summarization,0.05,96,128,0.75,6144,6144,768,3,1.0,1.0,1.0,0.0
Falcon3-10B-Instruct,summarization,0.05,128,128,1.0,6144,6144,768,3,1.0,1.0,1.0,0.0
Falcon3-10B-Instruct,summarization,0.05,2,256,0.0078,6144,6144,768,3,0.422924,0.288501,0.075596,0.212905
Falcon3-10B-Instruct,summarization,0.05,4,256,0.0156,6144,6144,768,3,0.894584,0.568317,0.107417,0.4609
Falcon3-10B-Instruct,summarization,0.05,8,256,0.0312,6144,6144,768,3,0.96939,0.769467,0.211698,0.557769
Falcon3-10B-Instruct,summarization,0.05,16,256,0.0625,6144,6144,768,3,0.982509,0.931679,0.373673,0.558006
Falcon3-10B-Instruct,summarization,0.05,24,256,0.0938,6144,6144,768,3,0.989469,0.958604,0.488558,0.470046
Falcon3-10B-Instruct,summarization,0.05,32,256,0.125,6144,6144,768,3,0.992195,0.971168,0.577789,0.393379
Falcon3-10B-Instruct,summarization,0.05,48,256,0.1875,6144,6144,768,3,0.995205,0.985256,0.722255,0.263001
Falcon3-10B-Instruct,summarization,0.05,64,256,0.25,6144,6144,768,3,0.997186,0.99154,0.827771,0.163769
Falcon3-10B-Instruct,summarization,0.05,96,256,0.375,6144,6144,768,3,0.999219,0.997885,0.955481,0.042405
Falcon3-10B-Instruct,summarization,0.05,128,256,0.5,6144,6144,768,3,1.0,0.999996,0.999727,0.000269
Falcon3-10B-Instruct,summarization,0.05,2,384,0.0052,6144,6144,768,3,0.554476,0.34839,0.055496,0.292894
Falcon3-10B-Instruct,summarization,0.05,4,384,0.0104,6144,6144,768,3,0.912949,0.59536,0.081051,0.514309
Falcon3-10B-Instruct,summarization,0.05,8,384,0.0208,6144,6144,768,3,0.961294,0.774842,0.168346,0.606496
Falcon3-10B-Instruct,summarization,0.05,16,384,0.0417,6144,6144,768,3,0.982798,0.933676,0.307389,0.626287
Falcon3-10B-Instruct,summarization,0.05,24,384,0.0625,6144,6144,768,3,0.987697,0.956561,0.40295,0.553611
Falcon3-10B-Instruct,summarization,0.05,32,384,0.0833,6144,6144,768,3,0.990559,0.968374,0.480637,0.487737
Falcon3-10B-Instruct,summarization,0.05,48,384,0.125,6144,6144,768,3,0.993788,0.98068,0.606962,0.373718
Falcon3-10B-Instruct,summarization,0.05,64,384,0.1667,6144,6144,768,3,0.995695,0.986988,0.70239,0.284598
Falcon3-10B-Instruct,summarization,0.05,96,384,0.25,6144,6144,768,3,0.997746,0.99363,0.840045,0.153586
Falcon3-10B-Instruct,summarization,0.05,128,384,0.3333,6144,6144,768,3,0.998886,0.997385,0.932182,0.065203
Falcon3-10B-Instruct,summarization,0.05,2,512,0.0039,6144,6144,768,3,0.404939,0.261351,0.043132,0.218219
Falcon3-10B-Instruct,summarization,0.05,4,512,0.0078,6144,6144,768,3,0.925083,0.588118,0.066639,0.521479
Falcon3-10B-Instruct,summarization,0.05,8,512,0.0156,6144,6144,768,3,0.971208,0.78073,0.141261,0.63947
Falcon3-10B-Instruct,summarization,0.05,16,512,0.0312,6144,6144,768,3,0.983944,0.932256,0.257965,0.67429
Falcon3-10B-Instruct,summarization,0.05,24,512,0.0469,6144,6144,768,3,0.989104,0.951536,0.34503,0.606506
Falcon3-10B-Instruct,summarization,0.05,32,512,0.0625,6144,6144,768,3,0.991447,0.964735,0.414594,0.550141
Falcon3-10B-Instruct,summarization,0.05,48,512,0.0938,6144,6144,768,3,0.993739,0.976672,0.529643,0.44703
Falcon3-10B-Instruct,summarization,0.05,64,512,0.125,6144,6144,768,3,0.995367,0.984012,0.616517,0.367495
Falcon3-10B-Instruct,summarization,0.05,96,512,0.1875,6144,6144,768,3,0.997315,0.990987,0.750277,0.24071
Falcon3-10B-Instruct,summarization,0.05,128,512,0.25,6144,6144,768,3,0.998252,0.994915,0.847897,0.147018
Falcon3-10B-Instruct,summarization,0.05,2,640,0.0031,6144,6144,768,3,0.401893,0.264305,0.042411,0.221894
Falcon3-10B-Instruct,summarization,0.05,4,640,0.0063,6144,6144,768,3,0.930311,0.5894,0.065972,0.523428
Falcon3-10B-Instruct,summarization,0.05,8,640,0.0125,6144,6144,768,3,0.971378,0.798449,0.133731,0.664719
Falcon3-10B-Instruct,summarization,0.05,16,640,0.025,6144,6144,768,3,0.983852,0.931914,0.235927,0.695987
Falcon3-10B-Instruct,summarization,0.05,24,640,0.0375,6144,6144,768,3,0.988468,0.952075,0.315154,0.636922
Falcon3-10B-Instruct,summarization,0.05,32,640,0.05,6144,6144,768,3,0.990626,0.963899,0.378993,0.584906
Falcon3-10B-Instruct,summarization,0.05,48,640,0.075,6144,6144,768,3,0.993415,0.976578,0.472784,0.503794
Falcon3-10B-Instruct,summarization,0.05,64,640,0.1,6144,6144,768,3,0.995276,0.983491,0.555752,0.42774
Falcon3-10B-Instruct,summarization,0.05,96,640,0.15,6144,6144,768,3,0.997104,0.989652,0.680309,0.309343
Falcon3-10B-Instruct,summarization,0.05,128,640,0.2,6144,6144,768,3,0.997907,0.993312,0.774837,0.218475
Falcon3-10B-Instruct,persona,0.05,2,64,0.0312,6144,6144,768,3,0.946433,0.902537,0.117847,0.78469
Falcon3-10B-Instruct,persona,0.05,4,64,0.0625,6144,6144,768,3,0.987156,0.905342,0.193387,0.711955
Falcon3-10B-Instruct,persona,0.05,8,64,0.125,6144,6144,768,3,0.994942,0.981558,0.412729,0.568829
Falcon3-10B-Instruct,persona,0.05,16,64,0.25,6144,6144,768,3,0.998246,0.994655,0.733706,0.260949
Falcon3-10B-Instruct,persona,0.05,24,64,0.375,6144,6144,768,3,0.99955,0.99856,0.912215,0.086345
Falcon3-10B-Instruct,persona,0.05,32,64,0.5,6144,6144,768,3,1.0,0.999948,0.994739,0.005209
Falcon3-10B-Instruct,persona,0.05,48,64,0.75,6144,6144,768,3,1.0,1.0,1.0,0.0
Falcon3-10B-Instruct,persona,0.05,64,64,1.0,6144,6144,768,3,1.0,1.0,1.0,0.0
Falcon3-10B-Instruct,persona,0.05,96,64,1.5,6144,6144,768,3,1.0,1.0,1.0,0.0
Falcon3-10B-Instruct,persona,0.05,128,64,2.0,6144,6144,768,3,1.0,1.0,1.0,0.0
Falcon3-10B-Instruct,persona,0.05,2,128,0.0156,6144,6144,768,3,0.958695,0.770376,0.099039,0.671336
Falcon3-10B-Instruct,persona,0.05,4,128,0.0312,6144,6144,768,3,0.98229,0.797553,0.14996,0.647592
Falcon3-10B-Instruct,persona,0.05,8,128,0.0625,6144,6144,768,3,0.99333,0.974765,0.296669,0.678096
Falcon3-10B-Instruct,persona,0.05,16,128,0.125,6144,6144,768,3,0.996734,0.991928,0.53076,0.461169
Falcon3-10B-Instruct,persona,0.05,24,128,0.1875,6144,6144,768,3,0.998164,0.995492,0.68157,0.313922
Falcon3-10B-Instruct,persona,0.05,32,128,0.25,6144,6144,768,3,0.998851,0.997369,0.794871,0.202498
Falcon3-10B-Instruct,persona,0.05,48,128,0.375,6144,6144,768,3,0.999738,0.999343,0.942162,0.05718
Falcon3-10B-Instruct,persona,0.05,64,128,0.5,6144,6144,768,3,1.0,0.999994,0.998752,0.001241
Falcon3-10B-Instruct,persona,0.05,96,128,0.75,6144,6144,768,3,1.0,1.0,1.0,0.0
Falcon3-10B-Instruct,persona,0.05,128,128,1.0,6144,6144,768,3,1.0,1.0,1.0,0.0
Falcon3-10B-Instruct,persona,0.05,2,256,0.0078,6144,6144,768,3,0.954984,0.739994,0.077346,0.662648
Falcon3-10B-Instruct,persona,0.05,4,256,0.0156,6144,6144,768,3,0.985514,0.880431,0.103874,0.776556
Falcon3-10B-Instruct,persona,0.05,8,256,0.0312,6144,6144,768,3,0.992329,0.974522,0.206641,0.767882
Falcon3-10B-Instruct,persona,0.05,16,256,0.0625,6144,6144,768,3,0.996027,0.990762,0.371645,0.619117
Falcon3-10B-Instruct,persona,0.05,24,256,0.0938,6144,6144,768,3,0.997158,0.993915,0.486677,0.507238
Falcon3-10B-Instruct,persona,0.05,32,256,0.125,6144,6144,768,3,0.997767,0.995454,0.580705,0.414749
Falcon3-10B-Instruct,persona,0.05,48,256,0.1875,6144,6144,768,3,0.998732,0.997208,0.72548,0.271728
Falcon3-10B-Instruct,persona,0.05,64,256,0.25,6144,6144,768,3,0.999232,0.998264,0.829676,0.168588
Falcon3-10B-Instruct,persona,0.05,96,256,0.375,6144,6144,768,3,0.999784,0.999542,0.955513,0.044029
Falcon3-10B-Instruct,persona,0.05,128,256,0.5,6144,6144,768,3,1.0,0.999999,0.999765,0.000235
Falcon3-10B-Instruct,persona,0.05,2,384,0.0052,6144,6144,768,3,0.956634,0.891261,0.061764,0.829498
Falcon3-10B-Instruct,persona,0.05,4,384,0.0104,6144,6144,768,3,0.986895,0.894459,0.093329,0.80113
Falcon3-10B-Instruct,persona,0.05,8,384,0.0208,6144,6144,768,3,0.993513,0.975389,0.172079,0.80331
Falcon3-10B-Instruct,persona,0.05,16,384,0.0417,6144,6144,768,3,0.996528,0.990588,0.300648,0.68994
Falcon3-10B-Instruct,persona,0.05,24,384,0.0625,6144,6144,768,3,0.99748,0.993688,0.398648,0.59504
Falcon3-10B-Instruct,persona,0.05,32,384,0.0833,6144,6144,768,3,0.998037,0.995163,0.478272,0.516891
Falcon3-10B-Instruct,persona,0.05,48,384,0.125,6144,6144,768,3,0.998607,0.996622,0.605591,0.39103
Falcon3-10B-Instruct,persona,0.05,64,384,0.1667,6144,6144,768,3,0.998979,0.997706,0.699331,0.298375
Falcon3-10B-Instruct,persona,0.05,96,384,0.25,6144,6144,768,3,0.999467,0.998811,0.841302,0.157509
Falcon3-10B-Instruct,persona,0.05,128,384,0.3333,6144,6144,768,3,0.999759,0.99949,0.933436,0.066054
Falcon3-10B-Instruct,persona,0.05,2,512,0.0039,6144,6144,768,3,0.945271,0.881466,0.052481,0.828984
Falcon3-10B-Instruct,persona,0.05,4,512,0.0078,6144,6144,768,3,0.986045,0.908008,0.071601,0.836407
Falcon3-10B-Instruct,persona,0.05,8,512,0.0156,6144,6144,768,3,0.993732,0.977881,0.139479,0.838402
Falcon3-10B-Instruct,persona,0.05,16,512,0.0312,6144,6144,768,3,0.995794,0.990607,0.261452,0.729155
Falcon3-10B-Instruct,persona,0.05,24,512,0.0469,6144,6144,768,3,0.997108,0.993571,0.346964,0.646608
Falcon3-10B-Instruct,persona,0.05,32,512,0.0625,6144,6144,768,3,0.997651,0.994701,0.422255,0.572447
Falcon3-10B-Instruct,persona,0.05,48,512,0.0938,6144,6144,768,3,0.998393,0.996352,0.528693,0.467659
Falcon3-10B-Instruct,persona,0.05,64,512,0.125,6144,6144,768,3,0.998802,0.997341,0.613203,0.384138
Falcon3-10B-Instruct,persona,0.05,96,512,0.1875,6144,6144,768,3,0.99917,0.998268,0.746121,0.252147
Falcon3-10B-Instruct,persona,0.05,128,512,0.25,6144,6144,768,3,0.999451,0.998901,0.844814,0.154086
Falcon3-10B-Instruct,persona,0.05,2,640,0.0031,6144,6144,768,3,0.954936,0.896332,0.039643,0.856689
Falcon3-10B-Instruct,persona,0.05,4,640,0.0063,6144,6144,768,3,0.986724,0.910601,0.062234,0.848367
Falcon3-10B-Instruct,persona,0.05,8,640,0.0125,6144,6144,768,3,0.994262,0.979969,0.130037,0.849932
Falcon3-10B-Instruct,persona,0.05,16,640,0.025,6144,6144,768,3,0.996135,0.990907,0.237401,0.753506
Falcon3-10B-Instruct,persona,0.05,24,640,0.0375,6144,6144,768,3,0.997011,0.99353,0.317773,0.675756
Falcon3-10B-Instruct,persona,0.05,32,640,0.05,6144,6144,768,3,0.997546,0.994823,0.374239,0.620584
Falcon3-10B-Instruct,persona,0.05,48,640,0.075,6144,6144,768,3,0.998295,0.996224,0.473767,0.522457
Falcon3-10B-Instruct,persona,0.05,64,640,0.1,6144,6144,768,3,0.998569,0.997084,0.556559,0.440526
Falcon3-10B-Instruct,persona,0.05,96,640,0.15,6144,6144,768,3,0.999023,0.998049,0.680881,0.317169
Falcon3-10B-Instruct,persona,0.05,128,640,0.2,6144,6144,768,3,0.999326,0.998705,0.775885,0.22282
OLMo-2-1124-13B-DPO,verse,0.05,2,64,0.0312,10240,10240,768,3,0.972404,0.781993,0.13147,0.650523
OLMo-2-1124-13B-DPO,verse,0.05,4,64,0.0625,10240,10240,768,3,0.989825,0.909599,0.207794,0.701805
OLMo-2-1124-13B-DPO,verse,0.05,8,64,0.125,10240,10240,768,3,0.996192,0.9856,0.41768,0.56792
OLMo-2-1124-13B-DPO,verse,0.05,16,64,0.25,10240,10240,768,3,0.998642,0.996115,0.731828,0.264287
OLMo-2-1124-13B-DPO,verse,0.05,24,64,0.375,10240,10240,768,3,0.999689,0.998989,0.90876,0.09023
OLMo-2-1124-13B-DPO,verse,0.05,32,64,0.5,10240,10240,768,3,1.0,0.999959,0.994325,0.005634
OLMo-2-1124-13B-DPO,verse,0.05,48,64,0.75,10240,10240,768,3,1.0,1.0,1.0,0.0
OLMo-2-1124-13B-DPO,verse,0.05,64,64,1.0,10240,10240,768,3,1.0,1.0,1.0,0.0
OLMo-2-1124-13B-DPO,verse,0.05,96,64,1.5,10240,10240,768,3,1.0,1.0,1.0,0.0
OLMo-2-1124-13B-DPO,verse,0.05,128,64,2.0,10240,10240,768,3,1.0,1.0,1.0,0.0
OLMo-2-1124-13B-DPO,verse,0.05,2,128,0.0156,10240,10240,768,3,0.923989,0.681324,0.09354,0.587784
OLMo-2-1124-13B-DPO,verse,0.05,4,128,0.0312,10240,10240,768,3,0.985616,0.786796,0.144109,0.642687
OLMo-2-1124-13B-DPO,verse,0.05,8,128,0.0625,10240,10240,768,3,0.996431,0.978585,0.286628,0.691957
OLMo-2-1124-13B-DPO,verse,0.05,16,128,0.125,10240,10240,768,3,0.998227,0.993943,0.526524,0.467419
OLMo-2-1124-13B-DPO,verse,0.05,24,128,0.1875,10240,10240,768,3,0.999091,0.996929,0.67646,0.320469
OLMo-2-1124-13B-DPO,verse,0.05,32,128,0.25,10240,10240,768,3,0.999411,0.998188,0.786097,0.212091
OLMo-2-1124-13B-DPO,verse,0.05,48,128,0.375,10240,10240,768,3,0.999819,0.999574,0.940282,0.059292
OLMo-2-1124-13B-DPO,verse,0.05,64,128,0.5,10240,10240,768,3,1.0,0.999994,0.998736,0.001259
OLMo-2-1124-13B-DPO,verse,0.05,96,128,0.75,10240,10240,768,3,1.0,1.0,1.0,0.0
OLMo-2-1124-13B-DPO,verse,0.05,128,128,1.0,10240,10240,768,3,1.0,1.0,1.0,0.0
OLMo-2-1124-13B-DPO,verse,0.05,2,256,0.0078,10240,10240,768,3,0.874468,0.55921,0.062332,0.496878
OLMo-2-1124-13B-DPO,verse,0.05,4,256,0.0156,10240,10240,768,3,0.98153,0.683927,0.099233,0.584694
OLMo-2-1124-13B-DPO,verse,0.05,8,256,0.0312,10240,10240,768,3,0.995517,0.976751,0.207662,0.769089
OLMo-2-1124-13B-DPO,verse,0.05,16,256,0.0625,10240,10240,768,3,0.998285,0.994319,0.377834,0.616485
OLMo-2-1124-13B-DPO,verse,0.05,24,256,0.0938,10240,10240,768,3,0.998798,0.996378,0.49103,0.505347
OLMo-2-1124-13B-DPO,verse,0.05,32,256,0.125,10240,10240,768,3,0.999015,0.997309,0.581328,0.415981
OLMo-2-1124-13B-DPO,verse,0.05,48,256,0.1875,10240,10240,768,3,0.999423,0.998495,0.72216,0.276335
OLMo-2-1124-13B-DPO,verse,0.05,64,256,0.25,10240,10240,768,3,0.999644,0.999081,0.828026,0.171055
OLMo-2-1124-13B-DPO,verse,0.05,96,256,0.375,10240,10240,768,3,0.999889,0.999742,0.955155,0.044586
OLMo-2-1124-13B-DPO,verse,0.05,128,256,0.5,10240,10240,768,3,1.0,0.999999,0.99974,0.000259
OLMo-2-1124-13B-DPO,verse,0.05,2,384,0.0052,10240,10240,768,3,0.871218,0.598254,0.063025,0.53523
OLMo-2-1124-13B-DPO,verse,0.05,4,384,0.0104,10240,10240,768,3,0.984978,0.67989,0.094011,0.585879
OLMo-2-1124-13B-DPO,verse,0.05,8,384,0.0208,10240,10240,768,3,0.995863,0.977003,0.17906,0.797943
OLMo-2-1124-13B-DPO,verse,0.05,16,384,0.0417,10240,10240,768,3,0.998392,0.994587,0.311631,0.682956
OLMo-2-1124-13B-DPO,verse,0.05,24,384,0.0625,10240,10240,768,3,0.998769,0.996101,0.404611,0.59149
OLMo-2-1124-13B-DPO,verse,0.05,32,384,0.0833,10240,10240,768,3,0.999106,0.997019,0.477989,0.51903
OLMo-2-1124-13B-DPO,verse,0.05,48,384,0.125,10240,10240,768,3,0.999357,0.998121,0.599539,0.398583
OLMo-2-1124-13B-DPO,verse,0.05,64,384,0.1667,10240,10240,768,3,0.999541,0.998747,0.698706,0.300041
OLMo-2-1124-13B-DPO,verse,0.05,96,384,0.25,10240,10240,768,3,0.99979,0.999392,0.840773,0.158618
OLMo-2-1124-13B-DPO,verse,0.05,128,384,0.3333,10240,10240,768,3,0.999906,0.999713,0.929783,0.06993
OLMo-2-1124-13B-DPO,verse,0.05,2,512,0.0039,10240,10240,768,3,0.756439,0.455106,0.050262,0.404843
OLMo-2-1124-13B-DPO,verse,0.05,4,512,0.0078,10240,10240,768,3,0.981622,0.657991,0.071489,0.586502
OLMo-2-1124-13B-DPO,verse,0.05,8,512,0.0156,10240,10240,768,3,0.996007,0.975039,0.1471,0.827938
OLMo-2-1124-13B-DPO,verse,0.05,16,512,0.0312,10240,10240,768,3,0.99815,0.994177,0.263642,0.730536
OLMo-2-1124-13B-DPO,verse,0.05,24,512,0.0469,10240,10240,768,3,0.998627,0.995829,0.349934,0.645895
OLMo-2-1124-13B-DPO,verse,0.05,32,512,0.0625,10240,10240,768,3,0.998943,0.996841,0.417925,0.578916
OLMo-2-1124-13B-DPO,verse,0.05,48,512,0.0938,10240,10240,768,3,0.999231,0.997923,0.529376,0.468547
OLMo-2-1124-13B-DPO,verse,0.05,64,512,0.125,10240,10240,768,3,0.999444,0.998446,0.613122,0.385325
OLMo-2-1124-13B-DPO,verse,0.05,96,512,0.1875,10240,10240,768,3,0.999687,0.999132,0.748073,0.251059
OLMo-2-1124-13B-DPO,verse,0.05,128,512,0.25,10240,10240,768,3,0.99982,0.99948,0.844362,0.155117
OLMo-2-1124-13B-DPO,verse,0.05,2,640,0.0031,10240,10240,768,3,0.835764,0.451584,0.038815,0.412769
OLMo-2-1124-13B-DPO,verse,0.05,4,640,0.0063,10240,10240,768,3,0.984922,0.685604,0.06353,0.622074
OLMo-2-1124-13B-DPO,verse,0.05,8,640,0.0125,10240,10240,768,3,0.996265,0.977337,0.129433,0.847904
OLMo-2-1124-13B-DPO,verse,0.05,16,640,0.025,10240,10240,768,3,0.99834,0.994113,0.232798,0.761315
OLMo-2-1124-13B-DPO,verse,0.05,24,640,0.0375,10240,10240,768,3,0.998734,0.995686,0.307861,0.687825
OLMo-2-1124-13B-DPO,verse,0.05,32,640,0.05,10240,10240,768,3,0.998898,0.996587,0.373261,0.623325
OLMo-2-1124-13B-DPO,verse,0.05,48,640,0.075,10240,10240,768,3,0.999198,0.997781,0.467655,0.530125
OLMo-2-1124-13B-DPO,verse,0.05,64,640,0.1,10240,10240,768,3,0.999365,0.998371,0.552747,0.445623
OLMo-2-1124-13B-DPO,verse,0.05,96,640,0.15,10240,10240,768,3,0.999645,0.999004,0.677137,0.321867
OLMo-2-1124-13B-DPO,verse,0.05,128,640,0.2,10240,10240,768,3,0.999778,0.999351,0.77331,0.226042
OLMo-2-1124-13B-DPO,summarization,0.05,2,64,0.0312,10240,10240,768,3,0.906768,0.701179,0.139122,0.562057
OLMo-2-1124-13B-DPO,summarization,0.05,4,64,0.0625,10240,10240,768,3,0.97495,0.78061,0.208372,0.572239
OLMo-2-1124-13B-DPO,summarization,0.05,8,64,0.125,10240,10240,768,3,0.9895,0.947869,0.404894,0.542975
OLMo-2-1124-13B-DPO,summarization,0.05,16,64,0.25,10240,10240,768,3,0.99743,0.991754,0.730626,0.261128
OLMo-2-1124-13B-DPO,summarization,0.05,24,64,0.375,10240,10240,768,3,0.999335,0.998177,0.918992,0.079185
OLMo-2-1124-13B-DPO,summarization,0.05,32,64,0.5,10240,10240,768,3,1.0,0.999945,0.995042,0.004903
OLMo-2-1124-13B-DPO,summarization,0.05,48,64,0.75,10240,10240,768,3,1.0,1.0,1.0,0.0
OLMo-2-1124-13B-DPO,summarization,0.05,64,64,1.0,10240,10240,768,3,1.0,1.0,1.0,0.0
OLMo-2-1124-13B-DPO,summarization,0.05,96,64,1.5,10240,10240,768,3,1.0,1.0,1.0,0.0
OLMo-2-1124-13B-DPO,summarization,0.05,128,64,2.0,10240,10240,768,3,1.0,1.0,1.0,0.0
OLMo-2-1124-13B-DPO,summarization,0.05,2,128,0.0156,10240,10240,768,3,0.980035,0.756126,0.081114,0.675012
OLMo-2-1124-13B-DPO,summarization,0.05,4,128,0.0312,10240,10240,768,3,0.988823,0.809051,0.12501,0.684041
OLMo-2-1124-13B-DPO,summarization,0.05,8,128,0.0625,10240,10240,768,3,0.992256,0.939873,0.283929,0.655944
OLMo-2-1124-13B-DPO,summarization,0.05,16,128,0.125,10240,10240,768,3,0.996349,0.98635,0.523676,0.462674
OLMo-2-1124-13B-DPO,summarization,0.05,24,128,0.1875,10240,10240,768,3,0.99782,0.992983,0.679013,0.31397
OLMo-2-1124-13B-DPO,summarization,0.05,32,128,0.25,10240,10240,768,3,0.998563,0.996252,0.799158,0.197095
OLMo-2-1124-13B-DPO,summarization,0.05,48,128,0.375,10240,10240,768,3,0.999781,0.99917,0.944413,0.054757
OLMo-2-1124-13B-DPO,summarization,0.05,64,128,0.5,10240,10240,768,3,1.0,0.999992,0.999035,0.000957
OLMo-2-1124-13B-DPO,summarization,0.05,96,128,0.75,10240,10240,768,3,1.0,1.0,1.0,0.0
OLMo-2-1124-13B-DPO,summarization,0.05,128,128,1.0,10240,10240,768,3,1.0,1.0,1.0,0.0
OLMo-2-1124-13B-DPO,summarization,0.05,2,256,0.0078,10240,10240,768,3,0.975343,0.684179,0.062346,0.621832
OLMo-2-1124-13B-DPO,summarization,0.05,4,256,0.0156,10240,10240,768,3,0.983983,0.799014,0.099507,0.699507
OLMo-2-1124-13B-DPO,summarization,0.05,8,256,0.0312,10240,10240,768,3,0.994056,0.927436,0.20714,0.720296
OLMo-2-1124-13B-DPO,summarization,0.05,16,256,0.0625,10240,10240,768,3,0.996672,0.982783,0.364474,0.618308
OLMo-2-1124-13B-DPO,summarization,0.05,24,256,0.0938,10240,10240,768,3,0.998078,0.989986,0.486999,0.502987
OLMo-2-1124-13B-DPO,summarization,0.05,32,256,0.125,10240,10240,768,3,0.998706,0.993637,0.580096,0.413541
OLMo-2-1124-13B-DPO,summarization,0.05,48,256,0.1875,10240,10240,768,3,0.999346,0.996738,0.718664,0.278074
OLMo-2-1124-13B-DPO,summarization,0.05,64,256,0.25,10240,10240,768,3,0.999656,0.998128,0.825849,0.172279
OLMo-2-1124-13B-DPO,summarization,0.05,96,256,0.375,10240,10240,768,3,0.999927,0.999566,0.954192,0.045374
OLMo-2-1124-13B-DPO,summarization,0.05,128,256,0.5,10240,10240,768,3,1.0,0.999999,0.999781,0.000218
OLMo-2-1124-13B-DPO,summarization,0.05,2,384,0.0052,10240,10240,768,3,0.977236,0.776135,0.059843,0.716292
OLMo-2-1124-13B-DPO,summarization,0.05,4,384,0.0104,10240,10240,768,3,0.979779,0.809307,0.087348,0.721959
OLMo-2-1124-13B-DPO,summarization,0.05,8,384,0.0208,10240,10240,768,3,0.991108,0.939611,0.170815,0.768797
OLMo-2-1124-13B-DPO,summarization,0.05,16,384,0.0417,10240,10240,768,3,0.996635,0.982854,0.30598,0.676873
OLMo-2-1124-13B-DPO,summarization,0.05,24,384,0.0625,10240,10240,768,3,0.997505,0.98936,0.405695,0.583665
OLMo-2-1124-13B-DPO,summarization,0.05,32,384,0.0833,10240,10240,768,3,0.998493,0.992966,0.481324,0.511641
OLMo-2-1124-13B-DPO,summarization,0.05,48,384,0.125,10240,10240,768,3,0.999352,0.995703,0.606217,0.389486
OLMo-2-1124-13B-DPO,summarization,0.05,64,384,0.1667,10240,10240,768,3,0.999683,0.997162,0.702124,0.295038
OLMo-2-1124-13B-DPO,summarization,0.05,96,384,0.25,10240,10240,768,3,0.999866,0.998678,0.842011,0.156667
OLMo-2-1124-13B-DPO,summarization,0.05,128,384,0.3333,10240,10240,768,3,0.999945,0.999482,0.932844,0.066637
OLMo-2-1124-13B-DPO,summarization,0.05,2,512,0.0039,10240,10240,768,3,0.970213,0.723196,0.048465,0.674731
OLMo-2-1124-13B-DPO,summarization,0.05,4,512,0.0078,10240,10240,768,3,0.975904,0.803785,0.069879,0.733906
OLMo-2-1124-13B-DPO,summarization,0.05,8,512,0.0156,10240,10240,768,3,0.989488,0.926177,0.142798,0.783379
OLMo-2-1124-13B-DPO,summarization,0.05,16,512,0.0312,10240,10240,768,3,0.995615,0.980439,0.261779,0.71866
OLMo-2-1124-13B-DPO,summarization,0.05,24,512,0.0469,10240,10240,768,3,0.996763,0.988069,0.348449,0.639621
OLMo-2-1124-13B-DPO,summarization,0.05,32,512,0.0625,10240,10240,768,3,0.997725,0.991842,0.417531,0.574311
OLMo-2-1124-13B-DPO,summarization,0.05,48,512,0.0938,10240,10240,768,3,0.999155,0.99476,0.530362,0.464398
OLMo-2-1124-13B-DPO,summarization,0.05,64,512,0.125,10240,10240,768,3,0.999598,0.996508,0.618963,0.377545
OLMo-2-1124-13B-DPO,summarization,0.05,96,512,0.1875,10240,10240,768,3,0.999807,0.998093,0.748184,0.249909
OLMo-2-1124-13B-DPO,summarization,0.05,128,512,0.25,10240,10240,768,3,0.999899,0.998917,0.844586,0.154331
OLMo-2-1124-13B-DPO,summarization,0.05,2,640,0.0031,10240,10240,768,3,0.974028,0.668528,0.048639,0.619889
OLMo-2-1124-13B-DPO,summarization,0.05,4,640,0.0063,10240,10240,768,3,0.977434,0.812727,0.065067,0.74766
OLMo-2-1124-13B-DPO,summarization,0.05,8,640,0.0125,10240,10240,768,3,0.99162,0.938267,0.12655,0.811717
OLMo-2-1124-13B-DPO,summarization,0.05,16,640,0.025,10240,10240,768,3,0.996145,0.982044,0.232106,0.749938
OLMo-2-1124-13B-DPO,summarization,0.05,24,640,0.0375,10240,10240,768,3,0.997038,0.988739,0.309211,0.679528
OLMo-2-1124-13B-DPO,summarization,0.05,32,640,0.05,10240,10240,768,3,0.998091,0.991851,0.372513,0.619339
OLMo-2-1124-13B-DPO,summarization,0.05,48,640,0.075,10240,10240,768,3,0.999108,0.994547,0.472207,0.52234
OLMo-2-1124-13B-DPO,summarization,0.05,64,640,0.1,10240,10240,768,3,0.999601,0.996263,0.556132,0.440131
OLMo-2-1124-13B-DPO,summarization,0.05,96,640,0.15,10240,10240,768,3,0.999808,0.997796,0.680574,0.317221
OLMo-2-1124-13B-DPO,summarization,0.05,128,640,0.2,10240,10240,768,3,0.999894,0.998703,0.776952,0.221751
OLMo-2-1124-13B-DPO,persona,0.05,2,64,0.0312,10240,10240,768,3,0.991149,0.778452,0.182304,0.596148
OLMo-2-1124-13B-DPO,persona,0.05,4,64,0.0625,10240,10240,768,3,0.995332,0.890337,0.23582,0.654517
OLMo-2-1124-13B-DPO,persona,0.05,8,64,0.125,10240,10240,768,3,0.998141,0.985996,0.423395,0.562601
OLMo-2-1124-13B-DPO,persona,0.05,16,64,0.25,10240,10240,768,3,0.999354,0.997707,0.732786,0.26492
OLMo-2-1124-13B-DPO,persona,0.05,24,64,0.375,10240,10240,768,3,0.999803,0.999503,0.912534,0.086969
OLMo-2-1124-13B-DPO,persona,0.05,32,64,0.5,10240,10240,768,3,1.0,0.99999,0.994486,0.005504
OLMo-2-1124-13B-DPO,persona,0.05,48,64,0.75,10240,10240,768,3,1.0,1.0,1.0,0.0
OLMo-2-1124-13B-DPO,persona,0.05,64,64,1.0,10240,10240,768,3,1.0,1.0,1.0,0.0
OLMo-2-1124-13B-DPO,persona,0.05,96,64,1.5,10240,10240,768,3,1.0,1.0,1.0,0.0
OLMo-2-1124-13B-DPO,persona,0.05,128,64,2.0,10240,10240,768,3,1.0,1.0,1.0,0.0
OLMo-2-1124-13B-DPO,persona,0.05,2,128,0.0156,10240,10240,768,3,0.975635,0.784234,0.099675,0.684559
OLMo-2-1124-13B-DPO,persona,0.05,4,128,0.0312,10240,10240,768,3,0.993448,0.847077,0.145844,0.701234
OLMo-2-1124-13B-DPO,persona,0.05,8,128,0.0625,10240,10240,768,3,0.996895,0.983596,0.301341,0.682254
OLMo-2-1124-13B-DPO,persona,0.05,16,128,0.125,10240,10240,768,3,0.998466,0.996447,0.531301,0.465146
OLMo-2-1124-13B-DPO,persona,0.05,24,128,0.1875,10240,10240,768,3,0.999098,0.997981,0.68283,0.315152
OLMo-2-1124-13B-DPO,persona,0.05,32,128,0.25,10240,10240,768,3,0.999522,0.998818,0.795202,0.203616
OLMo-2-1124-13B-DPO,persona,0.05,48,128,0.375,10240,10240,768,3,0.999883,0.999707,0.942847,0.05686
OLMo-2-1124-13B-DPO,persona,0.05,64,128,0.5,10240,10240,768,3,1.0,0.999998,0.9989,0.001098
OLMo-2-1124-13B-DPO,persona,0.05,96,128,0.75,10240,10240,768,3,1.0,1.0,1.0,0.0
OLMo-2-1124-13B-DPO,persona,0.05,128,128,1.0,10240,10240,768,3,1.0,1.0,1.0,0.0
OLMo-2-1124-13B-DPO,persona,0.05,2,256,0.0078,10240,10240,768,3,0.976633,0.720175,0.072184,0.647991
OLMo-2-1124-13B-DPO,persona,0.05,4,256,0.0156,10240,10240,768,3,0.986992,0.861893,0.099296,0.762597
OLMo-2-1124-13B-DPO,persona,0.05,8,256,0.0312,10240,10240,768,3,0.997116,0.985278,0.208911,0.776367
OLMo-2-1124-13B-DPO,persona,0.05,16,256,0.0625,10240,10240,768,3,0.99836,0.996199,0.376051,0.620148
OLMo-2-1124-13B-DPO,persona,0.05,24,256,0.0938,10240,10240,768,3,0.999082,0.997806,0.490919,0.506886
OLMo-2-1124-13B-DPO,persona,0.05,32,256,0.125,10240,10240,768,3,0.999312,0.99843,0.580006,0.418424
OLMo-2-1124-13B-DPO,persona,0.05,48,256,0.1875,10240,10240,768,3,0.999644,0.999052,0.722671,0.276381
OLMo-2-1124-13B-DPO,persona,0.05,64,256,0.25,10240,10240,768,3,0.999787,0.999425,0.82708,0.172345
OLMo-2-1124-13B-DPO,persona,0.05,96,256,0.375,10240,10240,768,3,0.999957,0.999873,0.955193,0.044679
OLMo-2-1124-13B-DPO,persona,0.05,128,256,0.5,10240,10240,768,3,1.0,0.999999,0.999799,0.000201
OLMo-2-1124-13B-DPO,persona,0.05,2,384,0.0052,10240,10240,768,3,0.983366,0.706906,0.064798,0.642109
OLMo-2-1124-13B-DPO,persona,0.05,4,384,0.0104,10240,10240,768,3,0.986247,0.857029,0.080788,0.776242
OLMo-2-1124-13B-DPO,persona,0.05,8,384,0.0208,10240,10240,768,3,0.996791,0.982236,0.167875,0.814361
OLMo-2-1124-13B-DPO,persona,0.05,16,384,0.0417,10240,10240,768,3,0.998363,0.996373,0.30164,0.694732
OLMo-2-1124-13B-DPO,persona,0.05,24,384,0.0625,10240,10240,768,3,0.99896,0.997506,0.399913,0.597593
OLMo-2-1124-13B-DPO,persona,0.05,32,384,0.0833,10240,10240,768,3,0.999318,0.998235,0.480263,0.517972
OLMo-2-1124-13B-DPO,persona,0.05,48,384,0.125,10240,10240,768,3,0.999574,0.998912,0.601659,0.397253
OLMo-2-1124-13B-DPO,persona,0.05,64,384,0.1667,10240,10240,768,3,0.999745,0.999268,0.698867,0.300401
OLMo-2-1124-13B-DPO,persona,0.05,96,384,0.25,10240,10240,768,3,0.999878,0.999638,0.843025,0.156613
OLMo-2-1124-13B-DPO,persona,0.05,128,384,0.3333,10240,10240,768,3,0.999948,0.999834,0.933315,0.066519
OLMo-2-1124-13B-DPO,persona,0.05,2,512,0.0039,10240,10240,768,3,0.982558,0.644279,0.058129,0.58615
OLMo-2-1124-13B-DPO,persona,0.05,4,512,0.0078,10240,10240,768,3,0.987351,0.908078,0.074787,0.833291
OLMo-2-1124-13B-DPO,persona,0.05,8,512,0.0156,10240,10240,768,3,0.99721,0.984998,0.146347,0.838651
OLMo-2-1124-13B-DPO,persona,0.05,16,512,0.0312,10240,10240,768,3,0.998313,0.996252,0.263077,0.733176
OLMo-2-1124-13B-DPO,persona,0.05,24,512,0.0469,10240,10240,768,3,0.998899,0.997525,0.352638,0.644887
OLMo-2-1124-13B-DPO,persona,0.05,32,512,0.0625,10240,10240,768,3,0.999169,0.99812,0.4199,0.578221
OLMo-2-1124-13B-DPO,persona,0.05,48,512,0.0938,10240,10240,768,3,0.999554,0.998773,0.527555,0.471217
OLMo-2-1124-13B-DPO,persona,0.05,64,512,0.125,10240,10240,768,3,0.999685,0.999107,0.611773,0.387334
OLMo-2-1124-13B-DPO,persona,0.05,96,512,0.1875,10240,10240,768,3,0.999821,0.99952,0.74885,0.25067
OLMo-2-1124-13B-DPO,persona,0.05,128,512,0.25,10240,10240,768,3,0.999905,0.99973,0.845464,0.154266
OLMo-2-1124-13B-DPO,persona,0.05,2,640,0.0031,10240,10240,768,3,0.98229,0.589013,0.043828,0.545185
OLMo-2-1124-13B-DPO,persona,0.05,4,640,0.0063,10240,10240,768,3,0.98717,0.899949,0.063382,0.836567
OLMo-2-1124-13B-DPO,persona,0.05,8,640,0.0125,10240,10240,768,3,0.997426,0.983112,0.129027,0.854085
OLMo-2-1124-13B-DPO,persona,0.05,16,640,0.025,10240,10240,768,3,0.998401,0.996284,0.232813,0.76347
OLMo-2-1124-13B-DPO,persona,0.05,24,640,0.0375,10240,10240,768,3,0.99893,0.997645,0.307435,0.690211
OLMo-2-1124-13B-DPO,persona,0.05,32,640,0.05,10240,10240,768,3,0.999171,0.998119,0.366626,0.631493
OLMo-2-1124-13B-DPO,persona,0.05,48,640,0.075,10240,10240,768,3,0.999523,0.998786,0.470756,0.52803
OLMo-2-1124-13B-DPO,persona,0.05,64,640,0.1,10240,10240,768,3,0.999677,0.999118,0.55291,0.446209
OLMo-2-1124-13B-DPO,persona,0.05,96,640,0.15,10240,10240,768,3,0.999816,0.999457,0.678906,0.320551
OLMo-2-1124-13B-DPO,persona,0.05,128,640,0.2,10240,10240,768,3,0.99989,0.999668,0.773791,0.225877
OLMo-2-1124-13B-DPO,bias,0.05,2,64,0.0312,10240,10240,768,3,0.954571,0.725033,0.148765,0.576267
OLMo-2-1124-13B-DPO,bias,0.05,4,64,0.0625,10240,10240,768,3,0.989545,0.716607,0.199046,0.517561
OLMo-2-1124-13B-DPO,bias,0.05,8,64,0.125,10240,10240,768,3,0.995644,0.928792,0.416155,0.512637
OLMo-2-1124-13B-DPO,bias,0.05,16,64,0.25,10240,10240,768,3,0.997942,0.989874,0.729908,0.259966
OLMo-2-1124-13B-DPO,bias,0.05,24,64,0.375,10240,10240,768,3,0.999396,0.998101,0.916105,0.081996
OLMo-2-1124-13B-DPO,bias,0.05,32,64,0.5,10240,10240,768,3,1.0,0.99997,0.995906,0.004064
OLMo-2-1124-13B-DPO,bias,0.05,48,64,0.75,10240,10240,768,3,1.0,1.0,1.0,0.0
OLMo-2-1124-13B-DPO,bias,0.05,64,64,1.0,10240,10240,768,3,1.0,1.0,1.0,0.0
OLMo-2-1124-13B-DPO,bias,0.05,96,64,1.5,10240,10240,768,3,1.0,1.0,1.0,0.0
OLMo-2-1124-13B-DPO,bias,0.05,128,64,2.0,10240,10240,768,3,1.0,1.0,1.0,0.0
OLMo-2-1124-13B-DPO,bias,0.05,2,128,0.0156,10240,10240,768,3,0.96811,0.822649,0.107555,0.715094
OLMo-2-1124-13B-DPO,bias,0.05,4,128,0.0312,10240,10240,768,3,0.987621,0.737419,0.149018,0.588401
OLMo-2-1124-13B-DPO,bias,0.05,8,128,0.0625,10240,10240,768,3,0.994561,0.937529,0.293571,0.643958
OLMo-2-1124-13B-DPO,bias,0.05,16,128,0.125,10240,10240,768,3,0.996804,0.988707,0.52123,0.467477
OLMo-2-1124-13B-DPO,bias,0.05,24,128,0.1875,10240,10240,768,3,0.998229,0.993407,0.677283,0.316124
OLMo-2-1124-13B-DPO,bias,0.05,32,128,0.25,10240,10240,768,3,0.998856,0.996354,0.789881,0.206473
OLMo-2-1124-13B-DPO,bias,0.05,48,128,0.375,10240,10240,768,3,0.999688,0.999194,0.942059,0.057135
OLMo-2-1124-13B-DPO,bias,0.05,64,128,0.5,10240,10240,768,3,1.0,0.999994,0.999163,0.000831
OLMo-2-1124-13B-DPO,bias,0.05,96,128,0.75,10240,10240,768,3,1.0,1.0,1.0,0.0
OLMo-2-1124-13B-DPO,bias,0.05,128,128,1.0,10240,10240,768,3,1.0,1.0,1.0,0.0
OLMo-2-1124-13B-DPO,bias,0.05,2,256,0.0078,10240,10240,768,3,0.958405,0.834871,0.062732,0.77214
OLMo-2-1124-13B-DPO,bias,0.05,4,256,0.0156,10240,10240,768,3,0.988082,0.735349,0.104864,0.630485
OLMo-2-1124-13B-DPO,bias,0.05,8,256,0.0312,10240,10240,768,3,0.993965,0.92146,0.20143,0.72003
OLMo-2-1124-13B-DPO,bias,0.05,16,256,0.0625,10240,10240,768,3,0.996449,0.985709,0.37054,0.61517
OLMo-2-1124-13B-DPO,bias,0.05,24,256,0.0938,10240,10240,768,3,0.99751,0.990589,0.488258,0.502331
OLMo-2-1124-13B-DPO,bias,0.05,32,256,0.125,10240,10240,768,3,0.998071,0.992932,0.576444,0.416488
OLMo-2-1124-13B-DPO,bias,0.05,48,256,0.1875,10240,10240,768,3,0.998751,0.995985,0.718256,0.277729
OLMo-2-1124-13B-DPO,bias,0.05,64,256,0.25,10240,10240,768,3,0.999175,0.997753,0.82914,0.168613
OLMo-2-1124-13B-DPO,bias,0.05,96,256,0.375,10240,10240,768,3,0.999796,0.999465,0.957222,0.042243
OLMo-2-1124-13B-DPO,bias,0.05,128,256,0.5,10240,10240,768,3,1.0,0.999999,0.99981,0.000189
OLMo-2-1124-13B-DPO,bias,0.05,2,384,0.0052,10240,10240,768,3,0.976258,0.878186,0.065631,0.812555
OLMo-2-1124-13B-DPO,bias,0.05,4,384,0.0104,10240,10240,768,3,0.987961,0.765694,0.081501,0.684193
OLMo-2-1124-13B-DPO,bias,0.05,8,384,0.0208,10240,10240,768,3,0.994596,0.925532,0.166942,0.75859
OLMo-2-1124-13B-DPO,bias,0.05,16,384,0.0417,10240,10240,768,3,0.997127,0.987105,0.312427,0.674678
OLMo-2-1124-13B-DPO,bias,0.05,24,384,0.0625,10240,10240,768,3,0.99758,0.991037,0.402528,0.588508
OLMo-2-1124-13B-DPO,bias,0.05,32,384,0.0833,10240,10240,768,3,0.997998,0.993041,0.480184,0.512857
OLMo-2-1124-13B-DPO,bias,0.05,48,384,0.125,10240,10240,768,3,0.998562,0.995267,0.604015,0.391253
OLMo-2-1124-13B-DPO,bias,0.05,64,384,0.1667,10240,10240,768,3,0.998988,0.996744,0.700376,0.296368
OLMo-2-1124-13B-DPO,bias,0.05,96,384,0.25,10240,10240,768,3,0.99947,0.998397,0.843488,0.154909
OLMo-2-1124-13B-DPO,bias,0.05,128,384,0.3333,10240,10240,768,3,0.999786,0.999325,0.934759,0.064566
OLMo-2-1124-13B-DPO,bias,0.05,2,512,0.0039,10240,10240,768,3,0.954109,0.79194,0.038033,0.753907
OLMo-2-1124-13B-DPO,bias,0.05,4,512,0.0078,10240,10240,768,3,0.984432,0.753883,0.071506,0.682377
OLMo-2-1124-13B-DPO,bias,0.05,8,512,0.0156,10240,10240,768,3,0.993443,0.916836,0.14668,0.770156
OLMo-2-1124-13B-DPO,bias,0.05,16,512,0.0312,10240,10240,768,3,0.996751,0.985448,0.266602,0.718847
OLMo-2-1124-13B-DPO,bias,0.05,24,512,0.0469,10240,10240,768,3,0.99727,0.989675,0.348576,0.641099
OLMo-2-1124-13B-DPO,bias,0.05,32,512,0.0625,10240,10240,768,3,0.997771,0.991922,0.420776,0.571146
OLMo-2-1124-13B-DPO,bias,0.05,48,512,0.0938,10240,10240,768,3,0.99838,0.994318,0.5261,0.468219
OLMo-2-1124-13B-DPO,bias,0.05,64,512,0.125,10240,10240,768,3,0.998733,0.995985,0.613434,0.382552
OLMo-2-1124-13B-DPO,bias,0.05,96,512,0.1875,10240,10240,768,3,0.999177,0.997694,0.747344,0.25035
OLMo-2-1124-13B-DPO,bias,0.05,128,512,0.25,10240,10240,768,3,0.999527,0.998594,0.845219,0.153376
OLMo-2-1124-13B-DPO,bias,0.05,2,640,0.0031,10240,10240,768,3,0.966706,0.827759,0.038555,0.789204
OLMo-2-1124-13B-DPO,bias,0.05,4,640,0.0063,10240,10240,768,3,0.985242,0.763032,0.061012,0.702019
OLMo-2-1124-13B-DPO,bias,0.05,8,640,0.0125,10240,10240,768,3,0.99417,0.92468,0.128322,0.796358
OLMo-2-1124-13B-DPO,bias,0.05,16,640,0.025,10240,10240,768,3,0.996939,0.986584,0.236749,0.749835
OLMo-2-1124-13B-DPO,bias,0.05,24,640,0.0375,10240,10240,768,3,0.997349,0.989817,0.314527,0.67529
OLMo-2-1124-13B-DPO,bias,0.05,32,640,0.05,10240,10240,768,3,0.997835,0.991945,0.378808,0.613137
OLMo-2-1124-13B-DPO,bias,0.05,48,640,0.075,10240,10240,768,3,0.998431,0.994182,0.479664,0.514518
OLMo-2-1124-13B-DPO,bias,0.05,64,640,0.1,10240,10240,768,3,0.998733,0.995647,0.557284,0.438363
OLMo-2-1124-13B-DPO,bias,0.05,96,640,0.15,10240,10240,768,3,0.999183,0.997428,0.681054,0.316374
OLMo-2-1124-13B-DPO,bias,0.05,128,640,0.2,10240,10240,768,3,0.999465,0.998256,0.776717,0.221539
Qwen1.5-32B-Chat,verse,0.05,2,64,0.0312,16384,16384,768,3,0.979982,0.962532,0.139206,0.823326
Qwen1.5-32B-Chat,verse,0.05,4,64,0.0625,16384,16384,768,3,0.994943,0.947413,0.217108,0.730305
Qwen1.5-32B-Chat,verse,0.05,8,64,0.125,16384,16384,768,3,0.997227,0.985713,0.415174,0.57054
Qwen1.5-32B-Chat,verse,0.05,16,64,0.25,16384,16384,768,3,0.998749,0.996685,0.731549,0.265135
Qwen1.5-32B-Chat,verse,0.05,24,64,0.375,16384,16384,768,3,0.99963,0.999066,0.914137,0.084929
Qwen1.5-32B-Chat,verse,0.05,32,64,0.5,16384,16384,768,3,1.0,0.99994,0.994369,0.005571
Qwen1.5-32B-Chat,verse,0.05,48,64,0.75,16384,16384,768,3,1.0,1.0,1.0,0.0
Qwen1.5-32B-Chat,verse,0.05,64,64,1.0,16384,16384,768,3,1.0,1.0,1.0,0.0
Qwen1.5-32B-Chat,verse,0.05,96,64,1.5,16384,16384,768,3,1.0,1.0,1.0,0.0
Qwen1.5-32B-Chat,verse,0.05,128,64,2.0,16384,16384,768,3,1.0,1.0,1.0,0.0
Qwen1.5-32B-Chat,verse,0.05,2,128,0.0156,16384,16384,768,3,0.991654,0.974638,0.090756,0.883883
Qwen1.5-32B-Chat,verse,0.05,4,128,0.0312,16384,16384,768,3,0.996439,0.958678,0.143495,0.815183
Qwen1.5-32B-Chat,verse,0.05,8,128,0.0625,16384,16384,768,3,0.997497,0.982342,0.285947,0.696395
Qwen1.5-32B-Chat,verse,0.05,16,128,0.125,16384,16384,768,3,0.998288,0.994201,0.520545,0.473656
Qwen1.5-32B-Chat,verse,0.05,24,128,0.1875,16384,16384,768,3,0.998746,0.996355,0.684722,0.311633
Qwen1.5-32B-Chat,verse,0.05,32,128,0.25,16384,16384,768,3,0.999233,0.997783,0.795534,0.20225
Qwen1.5-32B-Chat,verse,0.05,48,128,0.375,16384,16384,768,3,0.99975,0.999362,0.939732,0.059631
Qwen1.5-32B-Chat,verse,0.05,64,128,0.5,16384,16384,768,3,1.0,0.999988,0.998477,0.001511
Qwen1.5-32B-Chat,verse,0.05,96,128,0.75,16384,16384,768,3,1.0,1.0,1.0,0.0
Qwen1.5-32B-Chat,verse,0.05,128,128,1.0,16384,16384,768,3,1.0,1.0,1.0,0.0
Qwen1.5-32B-Chat,verse,0.05,2,256,0.0078,16384,16384,768,3,0.989525,0.970343,0.068764,0.901579
Qwen1.5-32B-Chat,verse,0.05,4,256,0.0156,16384,16384,768,3,0.996482,0.952351,0.100621,0.851731
Qwen1.5-32B-Chat,verse,0.05,8,256,0.0312,16384,16384,768,3,0.997161,0.983558,0.203079,0.780479
Qwen1.5-32B-Chat,verse,0.05,16,256,0.0625,16384,16384,768,3,0.997969,0.992864,0.372435,0.620429
Qwen1.5-32B-Chat,verse,0.05,24,256,0.0938,16384,16384,768,3,0.998432,0.995184,0.487027,0.508158
Qwen1.5-32B-Chat,verse,0.05,32,256,0.125,16384,16384,768,3,0.998718,0.996491,0.57618,0.420312
Qwen1.5-32B-Chat,verse,0.05,48,256,0.1875,16384,16384,768,3,0.99918,0.997893,0.721075,0.276818
Qwen1.5-32B-Chat,verse,0.05,64,256,0.25,16384,16384,768,3,0.99946,0.998694,0.828628,0.170066
Qwen1.5-32B-Chat,verse,0.05,96,256,0.375,16384,16384,768,3,0.999785,0.999586,0.95279,0.046796
Qwen1.5-32B-Chat,verse,0.05,128,256,0.5,16384,16384,768,3,1.0,0.999999,0.99968,0.000319
Qwen1.5-32B-Chat,verse,0.05,2,384,0.0052,16384,16384,768,3,0.992825,0.969267,0.061061,0.908206
Qwen1.5-32B-Chat,verse,0.05,4,384,0.0104,16384,16384,768,3,0.997117,0.961282,0.087784,0.873498
Qwen1.5-32B-Chat,verse,0.05,8,384,0.0208,16384,16384,768,3,0.997429,0.98454,0.176307,0.808233
Qwen1.5-32B-Chat,verse,0.05,16,384,0.0417,16384,16384,768,3,0.998107,0.992776,0.305162,0.687614
Qwen1.5-32B-Chat,verse,0.05,24,384,0.0625,16384,16384,768,3,0.998389,0.994705,0.400006,0.5947
Qwen1.5-32B-Chat,verse,0.05,32,384,0.0833,16384,16384,768,3,0.998684,0.995935,0.479238,0.516697
Qwen1.5-32B-Chat,verse,0.05,48,384,0.125,16384,16384,768,3,0.999049,0.997348,0.606194,0.391154
Qwen1.5-32B-Chat,verse,0.05,64,384,0.1667,16384,16384,768,3,0.999317,0.998104,0.700986,0.297117
Qwen1.5-32B-Chat,verse,0.05,96,384,0.25,16384,16384,768,3,0.999614,0.999026,0.841526,0.1575
Qwen1.5-32B-Chat,verse,0.05,128,384,0.3333,16384,16384,768,3,0.999816,0.999502,0.930777,0.068725
Qwen1.5-32B-Chat,verse,0.05,2,512,0.0039,16384,16384,768,3,0.990616,0.979305,0.05409,0.925215
Qwen1.5-32B-Chat,verse,0.05,4,512,0.0078,16384,16384,768,3,0.996796,0.955125,0.070638,0.884487
Qwen1.5-32B-Chat,verse,0.05,8,512,0.0156,16384,16384,768,3,0.997012,0.981747,0.146089,0.835658
Qwen1.5-32B-Chat,verse,0.05,16,512,0.0312,16384,16384,768,3,0.997777,0.992554,0.265817,0.726737
Qwen1.5-32B-Chat,verse,0.05,24,512,0.0469,16384,16384,768,3,0.998126,0.99461,0.3473,0.647311
Qwen1.5-32B-Chat,verse,0.05,32,512,0.0625,16384,16384,768,3,0.998444,0.995816,0.419477,0.576338
Qwen1.5-32B-Chat,verse,0.05,48,512,0.0938,16384,16384,768,3,0.998877,0.996953,0.527818,0.469135
Qwen1.5-32B-Chat,verse,0.05,64,512,0.125,16384,16384,768,3,0.999085,0.997684,0.6154,0.382284
Qwen1.5-32B-Chat,verse,0.05,96,512,0.1875,16384,16384,768,3,0.999414,0.998565,0.746047,0.252518
Qwen1.5-32B-Chat,verse,0.05,128,512,0.25,16384,16384,768,3,0.999611,0.999082,0.844749,0.154333
Qwen1.5-32B-Chat,verse,0.05,2,640,0.0031,16384,16384,768,3,0.991845,0.980227,0.043341,0.936886
Qwen1.5-32B-Chat,verse,0.05,4,640,0.0063,16384,16384,768,3,0.996831,0.957493,0.063868,0.893625
Qwen1.5-32B-Chat,verse,0.05,8,640,0.0125,16384,16384,768,3,0.997002,0.982226,0.131196,0.85103
Qwen1.5-32B-Chat,verse,0.05,16,640,0.025,16384,16384,768,3,0.997739,0.99257,0.236799,0.755771
Qwen1.5-32B-Chat,verse,0.05,24,640,0.0375,16384,16384,768,3,0.998105,0.99448,0.311948,0.682533
Qwen1.5-32B-Chat,verse,0.05,32,640,0.05,16384,16384,768,3,0.998403,0.995604,0.373663,0.621941
Qwen1.5-32B-Chat,verse,0.05,48,640,0.075,16384,16384,768,3,0.998775,0.996851,0.474771,0.52208
Qwen1.5-32B-Chat,verse,0.05,64,640,0.1,16384,16384,768,3,0.999022,0.997568,0.555932,0.441636
Qwen1.5-32B-Chat,verse,0.05,96,640,0.15,16384,16384,768,3,0.999342,0.998423,0.677498,0.320925
Qwen1.5-32B-Chat,verse,0.05,128,640,0.2,16384,16384,768,3,0.99956,0.998926,0.772598,0.226328
Qwen1.5-32B-Chat,summarization,0.05,2,64,0.0312,16384,16384,768,3,0.961649,0.673614,0.136693,0.536921
Qwen1.5-32B-Chat,summarization,0.05,4,64,0.0625,16384,16384,768,3,0.994762,0.779545,0.193544,0.586001
Qwen1.5-32B-Chat,summarization,0.05,8,64,0.125,16384,16384,768,3,0.996799,0.987579,0.414482,0.573097
Qwen1.5-32B-Chat,summarization,0.05,16,64,0.25,16384,16384,768,3,0.998942,0.996545,0.736199,0.260345
Qwen1.5-32B-Chat,summarization,0.05,24,64,0.375,16384,16384,768,3,0.99973,0.999084,0.913961,0.085124
Qwen1.5-32B-Chat,summarization,0.05,32,64,0.5,16384,16384,768,3,1.0,0.999953,0.995044,0.004909
Qwen1.5-32B-Chat,summarization,0.05,48,64,0.75,16384,16384,768,3,1.0,1.0,1.0,0.0
Qwen1.5-32B-Chat,summarization,0.05,64,64,1.0,16384,16384,768,3,1.0,1.0,1.0,0.0
Qwen1.5-32B-Chat,summarization,0.05,96,64,1.5,16384,16384,768,3,1.0,1.0,1.0,0.0
Qwen1.5-32B-Chat,summarization,0.05,128,64,2.0,16384,16384,768,3,1.0,1.0,1.0,0.0
Qwen1.5-32B-Chat,summarization,0.05,2,128,0.0156,16384,16384,768,3,0.990013,0.572924,0.099721,0.473204
Qwen1.5-32B-Chat,summarization,0.05,4,128,0.0312,16384,16384,768,3,0.996467,0.767246,0.138859,0.628387
Qwen1.5-32B-Chat,summarization,0.05,8,128,0.0625,16384,16384,768,3,0.997454,0.985777,0.297668,0.688109
Qwen1.5-32B-Chat,summarization,0.05,16,128,0.125,16384,16384,768,3,0.998494,0.99458,0.516877,0.477703
Qwen1.5-32B-Chat,summarization,0.05,24,128,0.1875,16384,16384,768,3,0.999054,0.996986,0.671069,0.325917
Qwen1.5-32B-Chat,summarization,0.05,32,128,0.25,16384,16384,768,3,0.999377,0.998127,0.787825,0.210302
Qwen1.5-32B-Chat,summarization,0.05,48,128,0.375,16384,16384,768,3,0.999788,0.999518,0.943885,0.055633
Qwen1.5-32B-Chat,summarization,0.05,64,128,0.5,16384,16384,768,3,1.0,0.999995,0.99869,0.001305
Qwen1.5-32B-Chat,summarization,0.05,96,128,0.75,16384,16384,768,3,1.0,1.0,1.0,0.0
Qwen1.5-32B-Chat,summarization,0.05,128,128,1.0,16384,16384,768,3,1.0,1.0,1.0,0.0
Qwen1.5-32B-Chat,summarization,0.05,2,256,0.0078,16384,16384,768,3,0.990239,0.630336,0.077892,0.552444
Qwen1.5-32B-Chat,summarization,0.05,4,256,0.0156,16384,16384,768,3,0.995606,0.793032,0.109755,0.683277
Qwen1.5-32B-Chat,summarization,0.05,8,256,0.0312,16384,16384,768,3,0.996983,0.987988,0.201636,0.786352
Qwen1.5-32B-Chat,summarization,0.05,16,256,0.0625,16384,16384,768,3,0.998162,0.99414,0.373024,0.621116
Qwen1.5-32B-Chat,summarization,0.05,24,256,0.0938,16384,16384,768,3,0.998472,0.99588,0.487717,0.508163
Qwen1.5-32B-Chat,summarization,0.05,32,256,0.125,16384,16384,768,3,0.998873,0.996844,0.575311,0.421534
Qwen1.5-32B-Chat,summarization,0.05,48,256,0.1875,16384,16384,768,3,0.999307,0.998123,0.721913,0.27621
Qwen1.5-32B-Chat,summarization,0.05,64,256,0.25,16384,16384,768,3,0.999578,0.998848,0.826881,0.171967
Qwen1.5-32B-Chat,summarization,0.05,96,256,0.375,16384,16384,768,3,0.999861,0.999636,0.956006,0.04363
Qwen1.5-32B-Chat,summarization,0.05,128,256,0.5,16384,16384,768,3,1.0,1.0,0.999733,0.000266
Qwen1.5-32B-Chat,summarization,0.05,2,384,0.0052,16384,16384,768,3,0.993921,0.627979,0.057566,0.570413
Qwen1.5-32B-Chat,summarization,0.05,4,384,0.0104,16384,16384,768,3,0.996495,0.761819,0.079764,0.682056
Qwen1.5-32B-Chat,summarization,0.05,8,384,0.0208,16384,16384,768,3,0.997325,0.987667,0.168564,0.819103
Qwen1.5-32B-Chat,summarization,0.05,16,384,0.0417,16384,16384,768,3,0.998172,0.993719,0.3066,0.687118
Qwen1.5-32B-Chat,summarization,0.05,24,384,0.0625,16384,16384,768,3,0.998613,0.995361,0.409375,0.585986
Qwen1.5-32B-Chat,summarization,0.05,32,384,0.0833,16384,16384,768,3,0.998883,0.996334,0.481183,0.515151
Qwen1.5-32B-Chat,summarization,0.05,48,384,0.125,16384,16384,768,3,0.999226,0.997556,0.603315,0.394241
Qwen1.5-32B-Chat,summarization,0.05,64,384,0.1667,16384,16384,768,3,0.999421,0.998166,0.704028,0.294138
Qwen1.5-32B-Chat,summarization,0.05,96,384,0.25,16384,16384,768,3,0.999661,0.999012,0.843698,0.155314
Qwen1.5-32B-Chat,summarization,0.05,128,384,0.3333,16384,16384,768,3,0.999831,0.999528,0.93245,0.067078
Qwen1.5-32B-Chat,summarization,0.05,2,512,0.0039,16384,16384,768,3,0.993632,0.572861,0.050824,0.522037
Qwen1.5-32B-Chat,summarization,0.05,4,512,0.0078,16384,16384,768,3,0.996451,0.767522,0.070885,0.696637
Qwen1.5-32B-Chat,summarization,0.05,8,512,0.0156,16384,16384,768,3,0.9975,0.987534,0.149247,0.838287
Qwen1.5-32B-Chat,summarization,0.05,16,512,0.0312,16384,16384,768,3,0.998025,0.993919,0.265469,0.728449
Qwen1.5-32B-Chat,summarization,0.05,24,512,0.0469,16384,16384,768,3,0.998553,0.995323,0.347664,0.647659
Qwen1.5-32B-Chat,summarization,0.05,32,512,0.0625,16384,16384,768,3,0.99878,0.996068,0.419455,0.576612
Qwen1.5-32B-Chat,summarization,0.05,48,512,0.0938,16384,16384,768,3,0.999078,0.997176,0.524657,0.472518
Qwen1.5-32B-Chat,summarization,0.05,64,512,0.125,16384,16384,768,3,0.999274,0.997896,0.615527,0.382368
Qwen1.5-32B-Chat,summarization,0.05,96,512,0.1875,16384,16384,768,3,0.999527,0.998658,0.75002,0.248638
Qwen1.5-32B-Chat,summarization,0.05,128,512,0.25,16384,16384,768,3,0.999678,0.999144,0.845882,0.153262
Qwen1.5-32B-Chat,summarization,0.05,2,640,0.0031,16384,16384,768,3,0.993966,0.587115,0.045698,0.541417
Qwen1.5-32B-Chat,summarization,0.05,4,640,0.0063,16384,16384,768,3,0.99622,0.769779,0.063965,0.705813
Qwen1.5-32B-Chat,summarization,0.05,8,640,0.0125,16384,16384,768,3,0.997272,0.98756,0.127867,0.859693
Qwen1.5-32B-Chat,summarization,0.05,16,640,0.025,16384,16384,768,3,0.997999,0.993797,0.235205,0.758592
Qwen1.5-32B-Chat,summarization,0.05,24,640,0.0375,16384,16384,768,3,0.998528,0.995072,0.310512,0.684559
Qwen1.5-32B-Chat,summarization,0.05,32,640,0.05,16384,16384,768,3,0.998736,0.995909,0.373306,0.622604
Qwen1.5-32B-Chat,summarization,0.05,48,640,0.075,16384,16384,768,3,0.999041,0.997077,0.472828,0.524249
Qwen1.5-32B-Chat,summarization,0.05,64,640,0.1,16384,16384,768,3,0.999242,0.997723,0.554832,0.442891
Qwen1.5-32B-Chat,summarization,0.05,96,640,0.15,16384,16384,768,3,0.999473,0.998522,0.681252,0.31727
Qwen1.5-32B-Chat,summarization,0.05,128,640,0.2,16384,16384,768,3,0.999618,0.998946,0.774716,0.22423
Qwen1.5-32B-Chat,persona,0.05,2,64,0.0312,16384,16384,768,3,0.991944,0.626596,0.120153,0.506444
Qwen1.5-32B-Chat,persona,0.05,4,64,0.0625,16384,16384,768,3,0.994344,0.75109,0.196633,0.554457
Qwen1.5-32B-Chat,persona,0.05,8,64,0.125,16384,16384,768,3,0.997321,0.98732,0.430264,0.557056
Qwen1.5-32B-Chat,persona,0.05,16,64,0.25,16384,16384,768,3,0.998817,0.996682,0.728624,0.268058
Qwen1.5-32B-Chat,persona,0.05,24,64,0.375,16384,16384,768,3,0.999711,0.999102,0.909211,0.089891
Qwen1.5-32B-Chat,persona,0.05,32,64,0.5,16384,16384,768,3,1.0,0.999973,0.995066,0.004907
Qwen1.5-32B-Chat,persona,0.05,48,64,0.75,16384,16384,768,3,1.0,1.0,1.0,0.0
Qwen1.5-32B-Chat,persona,0.05,64,64,1.0,16384,16384,768,3,1.0,1.0,1.0,0.0
Qwen1.5-32B-Chat,persona,0.05,96,64,1.5,16384,16384,768,3,1.0,1.0,1.0,0.0
Qwen1.5-32B-Chat,persona,0.05,128,64,2.0,16384,16384,768,3,1.0,1.0,1.0,0.0
Qwen1.5-32B-Chat,persona,0.05,2,128,0.0156,16384,16384,768,3,0.989191,0.657009,0.094225,0.562785
Qwen1.5-32B-Chat,persona,0.05,4,128,0.0312,16384,16384,768,3,0.993326,0.738128,0.139806,0.598322
Qwen1.5-32B-Chat,persona,0.05,8,128,0.0625,16384,16384,768,3,0.996341,0.986908,0.301109,0.685799
Qwen1.5-32B-Chat,persona,0.05,16,128,0.125,16384,16384,768,3,0.998073,0.994507,0.518959,0.475548
Qwen1.5-32B-Chat,persona,0.05,24,128,0.1875,16384,16384,768,3,0.998872,0.996796,0.674392,0.322404
Qwen1.5-32B-Chat,persona,0.05,32,128,0.25,16384,16384,768,3,0.999271,0.998068,0.790864,0.207204
Qwen1.5-32B-Chat,persona,0.05,48,128,0.375,16384,16384,768,3,0.999812,0.999528,0.940024,0.059504
Qwen1.5-32B-Chat,persona,0.05,64,128,0.5,16384,16384,768,3,1.0,0.999993,0.998583,0.00141
Qwen1.5-32B-Chat,persona,0.05,96,128,0.75,16384,16384,768,3,1.0,1.0,1.0,0.0
Qwen1.5-32B-Chat,persona,0.05,128,128,1.0,16384,16384,768,3,1.0,1.0,1.0,0.0
Qwen1.5-32B-Chat,persona,0.05,2,256,0.0078,16384,16384,768,3,0.989257,0.636852,0.06831,0.568541
Qwen1.5-32B-Chat,persona,0.05,4,256,0.0156,16384,16384,768,3,0.991772,0.737987,0.100878,0.637109
Qwen1.5-32B-Chat,persona,0.05,8,256,0.0312,16384,16384,768,3,0.995068,0.986936,0.207342,0.779594
Qwen1.5-32B-Chat,persona,0.05,16,256,0.0625,16384,16384,768,3,0.997935,0.994013,0.370822,0.623191
Qwen1.5-32B-Chat,persona,0.05,24,256,0.0938,16384,16384,768,3,0.998551,0.995849,0.49177,0.504079
Qwen1.5-32B-Chat,persona,0.05,32,256,0.125,16384,16384,768,3,0.999032,0.996925,0.585519,0.411406
Qwen1.5-32B-Chat,persona,0.05,48,256,0.1875,16384,16384,768,3,0.999459,0.998098,0.723609,0.27449
Qwen1.5-32B-Chat,persona,0.05,64,256,0.25,16384,16384,768,3,0.999658,0.998851,0.829261,0.169589
Qwen1.5-32B-Chat,persona,0.05,96,256,0.375,16384,16384,768,3,0.999871,0.999694,0.957826,0.041869
Qwen1.5-32B-Chat,persona,0.05,128,256,0.5,16384,16384,768,3,1.0,1.0,0.999783,0.000217
Qwen1.5-32B-Chat,persona,0.05,2,384,0.0052,16384,16384,768,3,0.991041,0.65261,0.059222,0.593388
Qwen1.5-32B-Chat,persona,0.05,4,384,0.0104,16384,16384,768,3,0.992609,0.732135,0.077688,0.654448
Qwen1.5-32B-Chat,persona,0.05,8,384,0.0208,16384,16384,768,3,0.995707,0.984899,0.167799,0.8171
Qwen1.5-32B-Chat,persona,0.05,16,384,0.0417,16384,16384,768,3,0.997803,0.994152,0.299472,0.694679
Qwen1.5-32B-Chat,persona,0.05,24,384,0.0625,16384,16384,768,3,0.998603,0.995807,0.401981,0.593827
Qwen1.5-32B-Chat,persona,0.05,32,384,0.0833,16384,16384,768,3,0.999034,0.996804,0.480912,0.515892
Qwen1.5-32B-Chat,persona,0.05,48,384,0.125,16384,16384,768,3,0.999324,0.997751,0.602083,0.395668
Qwen1.5-32B-Chat,persona,0.05,64,384,0.1667,16384,16384,768,3,0.999493,0.998452,0.698673,0.299779
Qwen1.5-32B-Chat,persona,0.05,96,384,0.25,16384,16384,768,3,0.999728,0.99919,0.840379,0.15881
Qwen1.5-32B-Chat,persona,0.05,128,384,0.3333,16384,16384,768,3,0.999853,0.999624,0.933149,0.066475
Qwen1.5-32B-Chat,persona,0.05,2,512,0.0039,16384,16384,768,3,0.990948,0.656385,0.058266,0.598119
Qwen1.5-32B-Chat,persona,0.05,4,512,0.0078,16384,16384,768,3,0.993103,0.736489,0.07349,0.662998
Qwen1.5-32B-Chat,persona,0.05,8,512,0.0156,16384,16384,768,3,0.996007,0.987758,0.144939,0.842819
Qwen1.5-32B-Chat,persona,0.05,16,512,0.0312,16384,16384,768,3,0.997888,0.994184,0.264437,0.729747
Qwen1.5-32B-Chat,persona,0.05,24,512,0.0469,16384,16384,768,3,0.998533,0.995555,0.35029,0.645265
Qwen1.5-32B-Chat,persona,0.05,32,512,0.0625,16384,16384,768,3,0.998954,0.996541,0.416673,0.579868
Qwen1.5-32B-Chat,persona,0.05,48,512,0.0938,16384,16384,768,3,0.999258,0.997468,0.525656,0.471812
Qwen1.5-32B-Chat,persona,0.05,64,512,0.125,16384,16384,768,3,0.999435,0.9981,0.611019,0.387081
Qwen1.5-32B-Chat,persona,0.05,96,512,0.1875,16384,16384,768,3,0.999638,0.998846,0.749342,0.249504
Qwen1.5-32B-Chat,persona,0.05,128,512,0.25,16384,16384,768,3,0.999761,0.999304,0.847106,0.152198
Qwen1.5-32B-Chat,persona,0.05,2,640,0.0031,16384,16384,768,3,0.991822,0.668232,0.040977,0.627255
Qwen1.5-32B-Chat,persona,0.05,4,640,0.0063,16384,16384,768,3,0.993557,0.740305,0.059863,0.680442
Qwen1.5-32B-Chat,persona,0.05,8,640,0.0125,16384,16384,768,3,0.996103,0.987977,0.131168,0.856809
Qwen1.5-32B-Chat,persona,0.05,16,640,0.025,16384,16384,768,3,0.998047,0.994407,0.235571,0.758836
Qwen1.5-32B-Chat,persona,0.05,24,640,0.0375,16384,16384,768,3,0.998641,0.995716,0.311731,0.683985
Qwen1.5-32B-Chat,persona,0.05,32,640,0.05,16384,16384,768,3,0.998879,0.996551,0.374001,0.62255
Qwen1.5-32B-Chat,persona,0.05,48,640,0.075,16384,16384,768,3,0.999206,0.9974,0.471249,0.526151
Qwen1.5-32B-Chat,persona,0.05,64,640,0.1,16384,16384,768,3,0.999389,0.99799,0.555046,0.442943
Qwen1.5-32B-Chat,persona,0.05,96,640,0.15,16384,16384,768,3,0.999586,0.998676,0.678461,0.320215
Qwen1.5-32B-Chat,persona,0.05,128,640,0.2,16384,16384,768,3,0.999684,0.999115,0.777659,0.221456
Qwen1.5-32B-Chat,bias,0.05,2,64,0.0312,16384,16384,768,3,0.996554,0.987437,0.132107,0.85533
Qwen1.5-32B-Chat,bias,0.05,4,64,0.0625,16384,16384,768,3,0.998041,0.922249,0.211675,0.710574
Qwen1.5-32B-Chat,bias,0.05,8,64,0.125,16384,16384,768,3,0.998669,0.989966,0.412832,0.577134
Qwen1.5-32B-Chat,bias,0.05,16,64,0.25,16384,16384,768,3,0.999185,0.997705,0.727192,0.270513
Qwen1.5-32B-Chat,bias,0.05,24,64,0.375,16384,16384,768,3,0.99984,0.999421,0.92011,0.079311
Qwen1.5-32B-Chat,bias,0.05,32,64,0.5,16384,16384,768,3,1.0,0.999977,0.996273,0.003704
Qwen1.5-32B-Chat,bias,0.05,48,64,0.75,16384,16384,768,3,1.0,1.0,1.0,0.0
Qwen1.5-32B-Chat,bias,0.05,64,64,1.0,16384,16384,768,3,1.0,1.0,1.0,0.0
Qwen1.5-32B-Chat,bias,0.05,96,64,1.5,16384,16384,768,3,1.0,1.0,1.0,0.0
Qwen1.5-32B-Chat,bias,0.05,128,64,2.0,16384,16384,768,3,1.0,1.0,1.0,0.0
Qwen1.5-32B-Chat,bias,0.05,2,128,0.0156,16384,16384,768,3,0.997611,0.981404,0.100116,0.881289
Qwen1.5-32B-Chat,bias,0.05,4,128,0.0312,16384,16384,768,3,0.998147,0.965951,0.149733,0.816218
Qwen1.5-32B-Chat,bias,0.05,8,128,0.0625,16384,16384,768,3,0.998588,0.991498,0.30294,0.688558
Qwen1.5-32B-Chat,bias,0.05,16,128,0.125,16384,16384,768,3,0.999003,0.995968,0.5243,0.471668
Qwen1.5-32B-Chat,bias,0.05,24,128,0.1875,16384,16384,768,3,0.999372,0.997566,0.672871,0.324695
Qwen1.5-32B-Chat,bias,0.05,32,128,0.25,16384,16384,768,3,0.999591,0.998461,0.792838,0.205623
Qwen1.5-32B-Chat,bias,0.05,48,128,0.375,16384,16384,768,3,0.999889,0.99963,0.944886,0.054744
Qwen1.5-32B-Chat,bias,0.05,64,128,0.5,16384,16384,768,3,1.0,0.999992,0.998958,0.001034
Qwen1.5-32B-Chat,bias,0.05,96,128,0.75,16384,16384,768,3,1.0,1.0,1.0,0.0
Qwen1.5-32B-Chat,bias,0.05,128,128,1.0,16384,16384,768,3,1.0,1.0,1.0,0.0
Qwen1.5-32B-Chat,bias,0.05,2,256,0.0078,16384,16384,768,3,0.997278,0.987103,0.07499,0.912113
Qwen1.5-32B-Chat,bias,0.05,4,256,0.0156,16384,16384,768,3,0.99792,0.945001,0.10679,0.838211
Qwen1.5-32B-Chat,bias,0.05,8,256,0.0312,16384,16384,768,3,0.998439,0.991098,0.211065,0.780032
Qwen1.5-32B-Chat,bias,0.05,16,256,0.0625,16384,16384,768,3,0.998834,0.995399,0.38141,0.613989
Qwen1.5-32B-Chat,bias,0.05,24,256,0.0938,16384,16384,768,3,0.999122,0.996665,0.489289,0.507375
Qwen1.5-32B-Chat,bias,0.05,32,256,0.125,16384,16384,768,3,0.999254,0.997426,0.57728,0.420146
Qwen1.5-32B-Chat,bias,0.05,48,256,0.1875,16384,16384,768,3,0.999488,0.998388,0.722878,0.27551
Qwen1.5-32B-Chat,bias,0.05,64,256,0.25,16384,16384,768,3,0.99965,0.99899,0.831074,0.167916
Qwen1.5-32B-Chat,bias,0.05,96,256,0.375,16384,16384,768,3,0.999878,0.999717,0.959118,0.040599
Qwen1.5-32B-Chat,bias,0.05,128,256,0.5,16384,16384,768,3,1.0,0.999999,0.9997,0.000298
Qwen1.5-32B-Chat,bias,0.05,2,384,0.0052,16384,16384,768,3,0.997915,0.987016,0.06468,0.922336
Qwen1.5-32B-Chat,bias,0.05,4,384,0.0104,16384,16384,768,3,0.998142,0.95062,0.090512,0.860109
Qwen1.5-32B-Chat,bias,0.05,8,384,0.0208,16384,16384,768,3,0.998386,0.991886,0.169746,0.82214
Qwen1.5-32B-Chat,bias,0.05,16,384,0.0417,16384,16384,768,3,0.998802,0.995567,0.304969,0.690598
Qwen1.5-32B-Chat,bias,0.05,24,384,0.0625,16384,16384,768,3,0.999011,0.996799,0.40544,0.59136
Qwen1.5-32B-Chat,bias,0.05,32,384,0.0833,16384,16384,768,3,0.999203,0.997352,0.486115,0.511237
Qwen1.5-32B-Chat,bias,0.05,48,384,0.125,16384,16384,768,3,0.999414,0.998086,0.60235,0.395737
Qwen1.5-32B-Chat,bias,0.05,64,384,0.1667,16384,16384,768,3,0.999565,0.998536,0.70317,0.295366
Qwen1.5-32B-Chat,bias,0.05,96,384,0.25,16384,16384,768,3,0.999729,0.999207,0.84627,0.152937
Qwen1.5-32B-Chat,bias,0.05,128,384,0.3333,16384,16384,768,3,0.999834,0.999596,0.936197,0.063399
Qwen1.5-32B-Chat,bias,0.05,2,512,0.0039,16384,16384,768,3,0.997585,0.989787,0.052749,0.937038
Qwen1.5-32B-Chat,bias,0.05,4,512,0.0078,16384,16384,768,3,0.997942,0.953768,0.072643,0.881125
Qwen1.5-32B-Chat,bias,0.05,8,512,0.0156,16384,16384,768,3,0.998233,0.992147,0.142839,0.849308
Qwen1.5-32B-Chat,bias,0.05,16,512,0.0312,16384,16384,768,3,0.998746,0.995661,0.262744,0.732917
Qwen1.5-32B-Chat,bias,0.05,24,512,0.0469,16384,16384,768,3,0.998941,0.996583,0.351724,0.64486
Qwen1.5-32B-Chat,bias,0.05,32,512,0.0625,16384,16384,768,3,0.999092,0.997124,0.418731,0.578393
Qwen1.5-32B-Chat,bias,0.05,48,512,0.0938,16384,16384,768,3,0.999279,0.997834,0.525866,0.471968
Qwen1.5-32B-Chat,bias,0.05,64,512,0.125,16384,16384,768,3,0.999404,0.998303,0.616957,0.381346
Qwen1.5-32B-Chat,bias,0.05,96,512,0.1875,16384,16384,768,3,0.999593,0.998912,0.750711,0.2482
Qwen1.5-32B-Chat,bias,0.05,128,512,0.25,16384,16384,768,3,0.999731,0.99928,0.849093,0.150186
Qwen1.5-32B-Chat,bias,0.05,2,640,0.0031,16384,16384,768,3,0.997619,0.991334,0.039528,0.951806
Qwen1.5-32B-Chat,bias,0.05,4,640,0.0063,16384,16384,768,3,0.997858,0.963072,0.062231,0.900841
Qwen1.5-32B-Chat,bias,0.05,8,640,0.0125,16384,16384,768,3,0.998188,0.992754,0.128006,0.864748
Qwen1.5-32B-Chat,bias,0.05,16,640,0.025,16384,16384,768,3,0.998741,0.995764,0.236266,0.759498
Qwen1.5-32B-Chat,bias,0.05,24,640,0.0375,16384,16384,768,3,0.998927,0.996652,0.315567,0.681085
Qwen1.5-32B-Chat,bias,0.05,32,640,0.05,16384,16384,768,3,0.999067,0.997182,0.376989,0.620193
Qwen1.5-32B-Chat,bias,0.05,48,640,0.075,16384,16384,768,3,0.999234,0.99778,0.47758,0.5202
Qwen1.5-32B-Chat,bias,0.05,64,640,0.1,16384,16384,768,3,0.999368,0.998189,0.558309,0.43988
Qwen1.5-32B-Chat,bias,0.05,96,640,0.15,16384,16384,768,3,0.999559,0.998747,0.681927,0.31682
Qwen1.5-32B-Chat,bias,0.05,128,640,0.2,16384,16384,768,3,0.999682,0.999116,0.775036,0.224081
Qwen1.5-32B-Chat,factual recall,0.05,2,64,0.0312,16384,16384,762,3,0.991693,0.971323,0.116155,0.855167
Qwen1.5-32B-Chat,factual recall,0.05,4,64,0.0625,16384,16384,762,3,0.995139,0.920755,0.206678,0.714077
Qwen1.5-32B-Chat,factual recall,0.05,8,64,0.125,16384,16384,762,3,0.997148,0.990252,0.421757,0.568494
Qwen1.5-32B-Chat,factual recall,0.05,16,64,0.25,16384,16384,762,3,0.999212,0.997155,0.724654,0.2725
Qwen1.5-32B-Chat,factual recall,0.05,24,64,0.375,16384,16384,762,3,0.999747,0.999131,0.911744,0.087388
Qwen1.5-32B-Chat,factual recall,0.05,32,64,0.5,16384,16384,762,3,1.0,0.999947,0.994038,0.005909
Qwen1.5-32B-Chat,factual recall,0.05,48,64,0.75,16384,16384,762,3,1.0,1.0,1.0,0.0
Qwen1.5-32B-Chat,factual recall,0.05,64,64,1.0,16384,16384,762,3,1.0,1.0,1.0,0.0
Qwen1.5-32B-Chat,factual recall,0.05,96,64,1.5,16384,16384,762,3,1.0,1.0,1.0,0.0
Qwen1.5-32B-Chat,factual recall,0.05,128,64,2.0,16384,16384,762,3,1.0,1.0,1.0,0.0
Qwen1.5-32B-Chat,factual recall,0.05,2,128,0.0156,16384,16384,762,3,0.989171,0.982569,0.097924,0.884645
Qwen1.5-32B-Chat,factual recall,0.05,4,128,0.0312,16384,16384,762,3,0.994884,0.95322,0.139985,0.813235
Qwen1.5-32B-Chat,factual recall,0.05,8,128,0.0625,16384,16384,762,3,0.996897,0.989918,0.290195,0.699724
Qwen1.5-32B-Chat,factual recall,0.05,16,128,0.125,16384,16384,762,3,0.998641,0.995488,0.522054,0.473434
Qwen1.5-32B-Chat,factual recall,0.05,24,128,0.1875,16384,16384,762,3,0.999095,0.997393,0.682018,0.315375
Qwen1.5-32B-Chat,factual recall,0.05,32,128,0.25,16384,16384,762,3,0.999442,0.998485,0.793695,0.204789
Qwen1.5-32B-Chat,factual recall,0.05,48,128,0.375,16384,16384,762,3,0.999815,0.999606,0.941819,0.057786
Qwen1.5-32B-Chat,factual recall,0.05,64,128,0.5,16384,16384,762,3,1.0,0.999992,0.998346,0.001645
Qwen1.5-32B-Chat,factual recall,0.05,96,128,0.75,16384,16384,762,3,1.0,1.0,1.0,0.0
Qwen1.5-32B-Chat,factual recall,0.05,128,128,1.0,16384,16384,762,3,1.0,1.0,1.0,0.0
Qwen1.5-32B-Chat,factual recall,0.05,2,256,0.0078,16384,16384,762,3,0.990857,0.984512,0.080902,0.90361
Qwen1.5-32B-Chat,factual recall,0.05,4,256,0.0156,16384,16384,762,3,0.994194,0.852778,0.104686,0.748092
Qwen1.5-32B-Chat,factual recall,0.05,8,256,0.0312,16384,16384,762,3,0.996761,0.987877,0.208192,0.779685
Qwen1.5-32B-Chat,factual recall,0.05,16,256,0.0625,16384,16384,762,3,0.998179,0.994662,0.377083,0.617579
Qwen1.5-32B-Chat,factual recall,0.05,24,256,0.0938,16384,16384,762,3,0.998543,0.996274,0.493376,0.502899
Qwen1.5-32B-Chat,factual recall,0.05,32,256,0.125,16384,16384,762,3,0.998973,0.997192,0.582272,0.41492
Qwen1.5-32B-Chat,factual recall,0.05,48,256,0.1875,16384,16384,762,3,0.999355,0.998275,0.725218,0.273057
Qwen1.5-32B-Chat,factual recall,0.05,64,256,0.25,16384,16384,762,3,0.999584,0.99895,0.826614,0.172336
Qwen1.5-32B-Chat,factual recall,0.05,96,256,0.375,16384,16384,762,3,0.99986,0.999693,0.95532,0.044372
Qwen1.5-32B-Chat,factual recall,0.05,128,256,0.5,16384,16384,762,3,1.0,0.999999,0.999692,0.000308
Qwen1.5-32B-Chat,factual recall,0.05,2,384,0.0052,16384,16384,762,3,0.990705,0.983235,0.051104,0.932131
Qwen1.5-32B-Chat,factual recall,0.05,4,384,0.0104,16384,16384,762,3,0.993922,0.87174,0.084607,0.787133
Qwen1.5-32B-Chat,factual recall,0.05,8,384,0.0208,16384,16384,762,3,0.996277,0.989851,0.167567,0.822284
Qwen1.5-32B-Chat,factual recall,0.05,16,384,0.0417,16384,16384,762,3,0.998191,0.994608,0.301646,0.692962
Qwen1.5-32B-Chat,factual recall,0.05,24,384,0.0625,16384,16384,762,3,0.998488,0.995917,0.399263,0.596654
Qwen1.5-32B-Chat,factual recall,0.05,32,384,0.0833,16384,16384,762,3,0.998819,0.996764,0.475838,0.520927
Qwen1.5-32B-Chat,factual recall,0.05,48,384,0.125,16384,16384,762,3,0.999224,0.997739,0.605207,0.392532
Qwen1.5-32B-Chat,factual recall,0.05,64,384,0.1667,16384,16384,762,3,0.999408,0.998354,0.697896,0.300458
Qwen1.5-32B-Chat,factual recall,0.05,96,384,0.25,16384,16384,762,3,0.999698,0.999137,0.837291,0.161845
Qwen1.5-32B-Chat,factual recall,0.05,128,384,0.3333,16384,16384,762,3,0.999845,0.999614,0.929136,0.070478
Qwen1.5-32B-Chat,factual recall,0.05,2,512,0.0039,16384,16384,762,3,0.990309,0.983432,0.051699,0.931733
Qwen1.5-32B-Chat,factual recall,0.05,4,512,0.0078,16384,16384,762,3,0.994659,0.916302,0.071831,0.844471
Qwen1.5-32B-Chat,factual recall,0.05,8,512,0.0156,16384,16384,762,3,0.996839,0.989766,0.143758,0.846008
Qwen1.5-32B-Chat,factual recall,0.05,16,512,0.0312,16384,16384,762,3,0.998323,0.994311,0.25818,0.736131
Qwen1.5-32B-Chat,factual recall,0.05,24,512,0.0469,16384,16384,762,3,0.998553,0.995698,0.343707,0.651991
Qwen1.5-32B-Chat,factual recall,0.05,32,512,0.0625,16384,16384,762,3,0.998859,0.996473,0.411176,0.585297
Qwen1.5-32B-Chat,factual recall,0.05,48,512,0.0938,16384,16384,762,3,0.999151,0.997512,0.52224,0.475273
Qwen1.5-32B-Chat,factual recall,0.05,64,512,0.125,16384,16384,762,3,0.999369,0.998099,0.614437,0.383662
Qwen1.5-32B-Chat,factual recall,0.05,96,512,0.1875,16384,16384,762,3,0.9996,0.998826,0.745859,0.252967
Qwen1.5-32B-Chat,factual recall,0.05,128,512,0.25,16384,16384,762,3,0.999737,0.999276,0.841315,0.157961
Qwen1.5-32B-Chat,factual recall,0.05,2,640,0.0031,16384,16384,762,3,0.990521,0.984455,0.041393,0.943062
Qwen1.5-32B-Chat,factual recall,0.05,4,640,0.0063,16384,16384,762,3,0.995264,0.889575,0.060502,0.829073
Qwen1.5-32B-Chat,factual recall,0.05,8,640,0.0125,16384,16384,762,3,0.996452,0.98981,0.131281,0.858529
Qwen1.5-32B-Chat,factual recall,0.05,16,640,0.025,16384,16384,762,3,0.998255,0.994315,0.235217,0.759098
Qwen1.5-32B-Chat,factual recall,0.05,24,640,0.0375,16384,16384,762,3,0.998509,0.995493,0.31467,0.680823
Qwen1.5-32B-Chat,factual recall,0.05,32,640,0.05,16384,16384,762,3,0.998838,0.996391,0.37846,0.617931
Qwen1.5-32B-Chat,factual recall,0.05,48,640,0.075,16384,16384,762,3,0.999182,0.997266,0.475341,0.521925
Qwen1.5-32B-Chat,factual recall,0.05,64,640,0.1,16384,16384,762,3,0.999353,0.997897,0.556289,0.441609
Qwen1.5-32B-Chat,factual recall,0.05,96,640,0.15,16384,16384,762,3,0.999557,0.998633,0.678701,0.319932
Qwen1.5-32B-Chat,factual recall,0.05,128,640,0.2,16384,16384,762,3,0.999681,0.999102,0.773301,0.225801
